Philosophe	Naissance	Mort	Catégorie	Image	URL	Description
Thalès  -625    -545    Présocratiques  <img src="https://upload.wikimedia.org/wikipedia/commons/c/c6/Illustrerad_Verldshistoria_band_I_Ill_107.jpg" />        <a href="https://fr.wikipedia.org/wiki/Thal%C3%A8s">Page wikipedia</a>  <p class="mw-empty-elt"> </p>    <p class="mw-empty-elt"> </p>  <p><dfn>Thalès de Milet</dfn>, appelé communément <dfn>Thalès</dfn> (en grec ancien : <span lang="grc">Θαλῆς ὁ Μιλήσιος</span> / <span lang="grc-latn"><i>Thalễs ho Milếsios</i></span>), est un philosophe et savant grec, né à Milet vers 625-620 <abbr class="abbr nowrap" title="avant Jésus-Christ">av. J.-C.</abbr> et mort vers 548-545 <abbr class="abbr nowrap" title="avant Jésus-Christ">av. J.-C.</abbr> dans cette même ville<sup class="reference cite_virgule">,</sup><sup class="reference cite_virgule">,</sup>. </p><p>C'est l'un des Sept sages de la Grèce antique et le fondateur présumé de l'école milésienne. Philosophe de la nature, il passe pour avoir effectué un séjour en Égypte, où il aurait été initié aux sciences égyptienne et babylonienne. On lui attribue de nombreux exploits, comme le calcul de la hauteur de la grande pyramide ou la prédiction d'une éclipse, ainsi que le théorème de Thalès. Il fut l'auteur de nombreuses recherches mathématiques, notamment en géométrie. </p><p>Personnage légendaire, qui semble n'avoir rien écrit, sa méthode d'analyse du réel en fait l'une des figures majeures du raisonnement scientifique. Il sut s'écarter des discours explicatifs délivrés par la mythologie pour privilégier une approche caractérisée par l'observation et la démonstration. </p>
Anaximandre     -610    -546    Présocratiques  <img src="https://upload.wikimedia.org/wikipedia/commons/3/38/Anaximander.jpg" />      <a href="https://fr.wikipedia.org/wiki/Anaximandre">Page wikipedia</a>  <p><b>Anaximandre de Milet</b> en grec ancien : <span lang="grc">Ἀναξίμανδρος</span> / <span lang="grc-latn"><i>Anaxímandros</i></span>) (vers 610 av. J.-C. – vers 546) est un philosophe et savant grec présocratique. On suppose qu'il succéda à Thalès comme maître de l'école milésienne, et il aurait eu Xénophane, Pythagore et Anaximène parmi ses élèves. </p><p>Anaximandre est le premier Grec connu à avoir tenté de décrire et expliquer l'origine et l'organisation de tous les aspects du monde d'un point de vue que l'on qualifie rétrospectivement de scientifique. Nombre de philosophes et commentateurs contemporains estiment pour cette raison que les théories d'Anaximandre représentent une étape essentielle et révolutionnaire de l'histoire des sciences. </p><p>Anaximandre passe également pour le premier philosophe à avoir consigné ses travaux par écrit, mais seules quelques phrases sont parvenues jusqu'à nous. Les témoignages antiques permettent de se faire une idée de leur nature et de leur étendue, qui couvre la philosophie, l'astronomie, la physique, la biologie, la géométrie et la géographie. </p>
Pythagore       -570    -495    Présocratiques  <img src="https://upload.wikimedia.org/wikipedia/commons/1/1a/Kapitolinischer_Pythagoras_adjusted.jpg" />      <a href="https://fr.wikipedia.org/wiki/Pythagore">Page wikipedia</a>    <p class="mw-empty-elt"> </p>   <p><b>Pythagore</b> (en grec ancien : <span lang="grc">Πυθαγόρας</span> / <span lang="grc-latn"><i>Puthagóras</i></span>) est un réformateur religieux et philosophe présocratique qui serait né aux environs de 580 av. J.-C. à Samos, une île du sud-est de la mer Égée ; on établit sa mort vers 495 av. J.-C., à l'âge de 85 ans. Il aurait été également mathématicien et scientifique selon une tradition tardive. Le nom de Pythagore (étymologiquement, <i>Pyth-agoras</i> : « celui qui a été annoncé par la Pythie »), découle de l'annonce de sa naissance faite à son père lors d'un voyage à Delphes. </p><p>La vie énigmatique de Pythagore permet difficilement d'éclaircir l'histoire de ce réformateur religieux, mathématicien, philosophe et thaumaturge. Il n’a jamais rien écrit, et les soixante et onze lignes des <i>Vers d’Or</i> qu'on lui attribue sont apocryphes et sont le signe de l'immense développement de la légende formée autour de son nom. </p><p>Le néopythagorisme est néanmoins empreint d'une mystique des nombres, déjà présente dans la pensée de Pythagore. Hérodote le mentionne comme <span>« l'un des plus grands esprits de la Grèce, le sage Pythagore »</span>. Il conserve un grand prestige ; Hegel disait qu'il était <span>« le premier maître universel »</span>. </p><p>D'après un écho marquant d’Héraclide du Pont évoqué par Cicéron, Pythagore serait le premier penseur grec à s’être qualifié lui-même de φιλόσοφος (<i>philosophos</i>), dont le sens est « ami du savoir ou de la sagesse » : </p> <blockquote> <p>« Par la même raison, sans doute, tous ceux qui se sont attachés depuis aux sciences contemplatives, ont été tenus pour Sages, et ont été nommés tels, jusques au temps de Pythagore, qui mit le premier en vogue le nom de philosophes. Héraclide du Pont, disciple de Platon, et très habile homme lui-même, en raconte ainsi l'histoire. Un jour, dit-il, Léon, roi des Phliasiens, entendit Pythagore discourir sur certains points avec tant de savoir et d'éloquence, que ce prince, saisi d'admiration, lui demanda quel était donc l'art dont il faisait profession. À quoi Pythagore répondit, qu'il n'en savait aucune ; mais qu'il était philosophe. Et sur ce, le roi, surpris de la nouveauté de ce nom, le pria de lui dire qui étaient donc les philosophes, et en quoi ils différaient des autres hommes. » </p> </blockquote><p style="margin:-0.7em 0 0.3em 6em">— Cicéron, <cite>Tusculanes, V, 3, § 8</cite></p>
Xénophane       -570    -475    Présocratiques  <img src="https://upload.wikimedia.org/wikipedia/commons/5/5f/Xenophanes_in_Thomas_Stanley_History_of_Philosophy.jpg" />       <a href="https://fr.wikipedia.org/wiki/X%C3%A9nophane">Page wikipedia</a>      <p><b>Xénophane</b>, en grec ancien : <span lang="grc">Ξενοφάνης</span> (né vers 570 av. J.-C. à Colophon en Ionie, mort vers 475 av. J.-C.) est un philosophe présocratique, poète et scientifique grec. Exilé de Colophon tombé sous la domination perse, il semble avoir émigré en Sicile et s'être réfugié d'abord à Zancle et à Catane, avant de se rendre à Élée dont il fonde probablement l'école éponyme. Les données attestées ne permettent pas de déterminer s'il mourut à Élée, ou s'il retourna finalement à Colophon. </p><p>Il s’oppose fortement à l’anthropomorphisme et s’applique à démontrer l’unicité divine. Ses concepts philosophiques se retrouvent également chez Parménide dont il fut le maître ou l’élève, cette dernière hypothèse étant favorisée par les spécialistes. Seuls quelques fragments de ses poèmes ont subsisté ; ils ont été recueillis par Hermann Diels dans son ouvrage de référence <i>Die Fragmente der Vorsokratiker</i> (1903). </p>
Confucius        -551    -479   Philosophie chinoise    <img src="https://upload.wikimedia.org/wikipedia/commons/4/4f/Konfuzius-1770.jpg" />   <a href="https://fr.wikipedia.org/wiki/Confucius">Page wikipedia</a>    <p><b>Confucius</b> (en français : <span>/kɔ̃.fy.sjys/</span> ; chinois simplifié : <span lang="zh-hans">孔子</span> ; pinyin : <span><span lang="zh-latn-pinyin">Kǒng Zǐ</span></span> ; Wade : <i><span lang="zh-latn-wadegile">K'ung³-tzu³</span></i>), né le <time class="nowrap date-lien bday" datetime="U-0550-09-22" data-sort-value="U-0550-09-22">28 septembre 551 <abbr class="abbr" title="551 avant Jésus-Christ">av. J.-C.</abbr></time> à Zou (陬) et mort le <time class="nowrap date-lien dday" datetime="U-0478-04-06" data-sort-value="U-0478-04-06">11 avril 479 <abbr class="abbr" title="479 avant Jésus-Christ">av. J.-C.</abbr></time> à Qufu (曲阜) dans l’actuelle province du Shandong, est un philosophe chinois. Son patronyme est Kong, son prénom Qiu, et son prénom social Zhongni. Il est le personnage historique qui a le plus marqué la civilisation chinoise, et est considéré comme le premier « éducateur » de la Chine. </p><p>Son enseignement a donné naissance au confucianisme, doctrine politique et sociale érigée en religion d'État dès la dynastie Han et qui ne fut officiellement bannie qu'au début du <abbr class="abbr" title="20ᵉ siècle"><span>XX</span><sup style="font-size:72%">e</sup></abbr> siècle, avec une résurgence en 1973 (voir Critique de Lin Piao et de Confucius). Ses principaux disciples sont nommés les Douze Philosophes et honorés dans les temples confucéens. </p><p>Il est généralement appelé <i>Kǒngzǐ</i> (孔子) ou <i>Kǒng Fūzǐ</i> (孔夫子) par les Chinois, ce qui signifie « Maître Kong » et a été latinisé en <i>Confucius</i> par les Jésuites. Les Coréens l'appellent <i>Kong-ja</i>, les Japonais, <i>Kôshi, </i>et les Vietnamiens, <i>Khổng Tử</i>. </p>
Sun Tzu  -544    -496   Philosophie chinoise    <img src="https://upload.wikimedia.org/wikipedia/commons/3/37/Enchoen27n3200.jpg" />   <a href="https://fr.wikipedia.org/wiki/Sun_Tzu">Page wikipedia</a>      <p><b>Sun Tzu</b>, aussi appelé <b>Sun Tse</b>, <b>Sun Zi</b> ou encore <b>Souen Tseu</b> (chinois simplifié : <span lang="zh-hans">孙子</span> ; chinois traditionnel : <span lang="zh-hant">孫子</span> ; pinyin : <span><span lang="zh-latn-pinyin">Sūnzǐ</span></span> ; Wade : <i><span lang="zh-latn-wadegile">Sun<sup>1</sup> Tzu<sup>3</sup></span></i>, prononcé /<span title="Alphabet phonétique international"><span>suən.ts̩</span></span>/, littéralement « maître Sun »), de son vrai nom <b>Sun Wu</b> (<span lang="zh-hans">孙武</span> / <span lang="zh-hant">孫武</span>, <span><span lang="zh-latn-pinyin">Sūn Wǔ</span></span>, Wade : <i><span lang="zh-latn-wadegile">Sun<sup>1</sup> Wu<sup>3</sup></span></i>, <i>wǔ</i> signifiant « militaire », « martial »), est un général chinois du <abbr class="abbr" title="6ᵉ siècle"><span>VI</span><sup style="font-size:72%">e</sup></abbr> siècle <abbr class="abbr nowrap" title="avant Jésus-Christ">av. J.-C.</abbr> (544-496 av. J.-C.). </p><p>Il est surtout célèbre en tant qu'auteur de l'ouvrage de stratégie militaire le plus ancien connu : <i>L'Art de la guerre</i>. L'idée principale de son œuvre est que l’objectif de la guerre est de contraindre l’ennemi à abandonner la lutte, y compris sans combat, grâce à la ruse, l'espionnage, une grande mobilité et l'adaptation à la stratégie de l'adversaire. Tous ces moyens doivent ainsi être employés afin de s'assurer une victoire au moindre coût (humain, matériel). Il inaugure ainsi la théorie de l'approche indirecte. </p><p>Les idées de <i>L'Art de la guerre</i> ont été reprises et adaptées par différents auteurs pour la stratégie et notamment la stratégie d'entreprise. Dans un sens plus large, <i>L'Art de la guerre</i> peut être interprété comme une méthode de résolution des conflits. </p>   
Héraclite       -535    -475    Présocratiques  <img src="https://upload.wikimedia.org/wikipedia/commons/5/57/Ca%27_Rezzonico_-_Eraclito_1705_-_Giuseppe_Torretti.jpg" />      <a href="https://fr.wikipedia.org/wiki/H%C3%A9raclite">Page wikipedia</a>      <p><b>Héraclite d'Éphèse</b> (en grec ancien <span lang="grc">Ἡράκλειτος ὁ Ἐφέσιος</span> / <span lang="grc-latn"><i>Hêrákleitos ho Ephésios</i></span>) est un des principaux philosophes grecs dits présocratiques. </p><p>Nous ne savons presque rien de sa vie, sinon qu’il vécut à Éphèse vers 500 av. J.-C et ne connaissons sa philosophie qu’à travers les auteurs anciens qui, du <abbr class="abbr" title="4ᵉ siècle"><span>IV</span><sup style="font-size:72%">e</sup></abbr> siècle <abbr class="abbr nowrap" title="avant Jésus-Christ">av. J.-C.</abbr> jusqu’à la fin de l’Antiquité, l’ont cité et notamment les plus éminents d’entre eux, Platon, Aristote, Lucrèce, Sénèque, Plutarque, Sextus Empiricus, Marc-Aurèle, Diogène Laërce, Plotin et d’autres. </p><p>Ces citations, peu nombreuses, environ une centaine, le plus souvent des formules brèves, souvent de style énigmatique à la manière des oracles, ont été rassemblées sous le terme de <i>Fragments</i> par les érudits (Bywater, Oxford, 1877, Diels, Berlin, 1903, 1912, 1922, Diels-Kranz, Berlin, 1934, Marcovich, Florence, 1978, Marcel Conche, France , 1987) qui ont examiné le contexte des œuvres dans lesquelles le mot ou la phrase d’Héraclite apparaissait, discuté leur authenticité et les ont classées. </p><p>On retient généralement d’Héraclite sa philosophie du devenir à travers ses citations devenues célèbres (<span lang="grc">Πάντα ῥεῖ</span> / <span lang="grc-latn">'<b>Panta rhei'</b></span> <span>« Tout passe »</span> et <span>« On ne peut entrer deux fois dans le même fleuve »</span>), son relativisme (<span>« Le plus beau des singes est laid »</span> en comparaison d'une autre espèce) et sa théorie de la contrariété (<span>« La contrariété est avantageuse »</span>, <span>« La plus belle harmonie naît des différences »</span>, <span>« Toutes choses naissent de la discorde »</span>). </p>
Parménide       -515    -450    Présocratiques  <img src="https://upload.wikimedia.org/wikipedia/commons/e/ed/Parmenides.jpg" />       <a href="https://fr.wikipedia.org/wiki/Parm%C3%A9nide">Page wikipedia</a>       <p><b>Parménide d'Élée</b> (en grec ancien : <span lang="grc">Παρμενίδης</span> / <i>Parmenídês</i>) est un philosophe grec présocratique, pythagoricien, puis éléate, né à Élée à la fin du <abbr class="abbr" title="6ᵉ siècle"><span>VI</span><sup style="font-size:72%">e</sup></abbr> siècle <abbr class="abbr nowrap" title="avant Jésus-Christ">av. J.-C.</abbr> et mort au milieu du <abbr class="abbr" title="5ᵉ siècle"><span>V</span><sup style="font-size:72%">e</sup></abbr> siècle <abbr class="abbr nowrap" title="avant Jésus-Christ">av. J.-C.</abbr>. Il est célèbre pour un poème en vers, <i>De la nature</i>, qui eut une influence notable sur la pensée de son époque. Ses découvertes intellectuelles, en particulier l'introduction de la logique dans la pensée hellénique, à côté de la philosophie milésienne de la nature et des théories arithmétiques de Pythagore, font de Parménide l'un des philosophes les plus considérables dans l'histoire de la philosophie grecque. Platon a consacré un dialogue qui porte son nom, le <i>Parménide</i>, pour traiter la question de l'Être, dont Parménide a inlassablement répété qu'il est, tandis que le Non-Être n'est pas. </p>
Anaxagore       -500    -428    Présocratiques  <img src="https://upload.wikimedia.org/wikipedia/commons/2/2c/Anaxagoras_Lebiedzki_Rahl.jpg" />        <a href="https://fr.wikipedia.org/wiki/Anaxagore">Page wikipedia</a>    <p><b>Anaxagore</b> (en grec ancien : <span lang="grc">Ἀναξαγόρας</span> / <span lang="grc-latn">Anaxagóras</span>), dit « de Clazomènes » en Ionie (près de Smyrne, en Asie Mineure), est un philosophe présocratique grec, né vers 500 et mort en 428 <abbr class="abbr nowrap" title="avant Jésus-Christ">av. J.-C.</abbr> à Lampsaque. </p><p>Considéré comme <span>« le plus grand penseur du milieu du <abbr class="abbr" title="5ᵉ siècle"><span>V</span><sup style="font-size:72%">e</sup></abbr> siècle <abbr class="abbr nowrap" title="avant Jésus-Christ">av. J.-C.</abbr> »</span>, Anaxagore s’est entièrement consacré à la recherche savante et à l’explication rationnelle des phénomènes naturels. Il prolonge l’esprit des penseurs ioniens : il a d’abord adhéré à la philosophie d’Anaximène dont il retient la recherche d’un principe matériel qui soit en même temps illimité ; dans son traité <i>De la Nature</i>, il décrit les étapes de la formation de l’univers, selon un processus cosmogonique d’où sont bannies toute naissance et toute destruction : puisque rien ne saurait naître du néant, ni non plus y retourner, Anaxagore affirme que <span>« les choses qui sont »</span> se réunissent ou se dissocient dans un processus sans fin. À l’opposé de la physique de Leucippe et des atomistes, la physique d’Anaxagore apporte une solution au problème de l’origine du mouvement dans l’univers et à la question de sa vie ou de sa mort, à une époque où les écoles philosophiques <span>« rivalisaient d’ingéniosité pour inventer le dispositif sauveur qui garantît la permanence du devenir cosmique. »</span>   </p><p>Pour la première fois, le principe qui régit le monde est conçu à l’image de l’intelligence humaine : l’Esprit universel, le <i>Noûs</i> cosmique, a pénétré la totalité de la matière originelle mêlée et y a introduit ordre et raison en lui imprimant un mouvement tourbillonnaire. À l’intérieur de ce monde, tout se combine et se transforme dans un processus qui préfigure le principe physico-chimique de Lavoisier. Un tel univers régi par l’Esprit ne laissait guère de place aux dieux traditionnels, et suscita contre Anaxagore un procès pour impiété. Son apport essentiel dans l’histoire de la philosophie tient à cette cosmologie finaliste régie par l'action d’un Esprit omniprésent mais dont les impulsions annoncent les conceptions mécanistes de l’univers. </p>
Empédocle       -494    -434    Présocratiques  <img src="https://upload.wikimedia.org/wikipedia/commons/7/79/Empedokles.jpeg" />      <a href="https://fr.wikipedia.org/wiki/Emp%C3%A9docle">Page wikipedia</a>       <p><b>Empédocle</b> (en grec ancien : <span lang="grc"><span lang="grc">Ἐμπεδοκλῆς</span> / <span lang="grc-latn"><i>Empedoklês</i></span></span>) est un philosophe, poète, ingénieur et médecin grec de Sicile, du <abbr class="abbr" title="5ᵉ siècle"><span>V</span><sup style="font-size:72%">e</sup></abbr> siècle <abbr class="abbr nowrap" title="avant Jésus-Christ">av. J.-C.</abbr> Il fait partie des philosophes présocratiques, ces premiers penseurs qui ont tenté de découvrir l'<i><span lang="grc-latn">arkhè</span></i> du cosmos, son « <i>schéma</i> ». L'originalité d'Empédocle est de poser deux principes qui règnent cycliquement sur l'univers, l'Amour et la Haine. Ces principes engendrent les quatre éléments dont sont composées toutes les choses matérielles : l'eau, la terre, le feu et l'éther (ou l'air). L'Amour est une force d'unification et de cohésion qui fait tendre les choses vers l'unité (par exemple les organismes vivants) ou même l'Un quand il s'agit du cosmos. La Haine est une force de division et de destruction qui fait tendre les choses vers le multiple. </p><p>Empédocle privilégie la forme poétique pour décrire sa philosophie dans deux poèmes dont il ne nous reste que des fragments : <i>De la nature</i> et les <i>Purifications</i>. Il est influencé par Parménide (auteur lui aussi d'un poème <i>De la nature</i>) et de ce fait, parfois rattaché à l'école éléatique. Il reçoit également l'influence de Pythagore, notamment à propos de l'un et du multiple. Diogène Laërce en fait un membre de l'école pythagoricienne. Il passe pour un magicien, et parfois pour un mystique. La source principale des fragments conservés d'Empédocle est l'œuvre d'Aristote. Il se peut que la doctrine de l'Un et de l'Amitié d'Empédocle ait été influencée par le zoroastrisme d'Orient. </p><p>Les fragments d'Empédocle ont été commentés avec enthousiasme par des poètes et des penseurs méditant sur le cosmos, comme Lucrèce, Hölderlin, Nietzsche et Bachelard. Romain Rolland, critique fervent d'Empédocle, affirme qu'Empédocle « représentait pour son temps l'homme universel ». Une légende, déjà réfutée dans l’Antiquité, raconte qu'il serait mort en se jetant dans le feu divin de l'Etna, abandonnant à la terre, sur les bords du cratère, ses sandales. Cette légende alimente les rêveries sur sa vie et sa philosophie : Hölderlin en tire une tragédie, <i>La mort d'Empédocle</i>, et Bachelard construit un « complexe d'Empédocle » dans ses ouvrages sur le feu. Il s'agit du désir inconscient d'être consumé, détruit par les flammes. Dans les années 1960, la philosophie d'Empédocle est reconstruite et intégralement commentée par Jean Bollack. </p>
Zénon d'Élée     -490   -430    Présocratiques  <img src="https://upload.wikimedia.org/wikipedia/commons/3/3b/Zeno_of_Elea_Tibaldi_or_Carducci_Escorial.jpg" />        <a href="https://fr.wikipedia.org/wiki/Z%C3%A9non_d%27%C3%89l%C3%A9e">Page wikipedia</a>       <p><b>Zénon d'Élée</b> (en grec ancien <span lang="grc">Ζήνων</span> / <i>Zếnôn</i>), né vers 490 et mort vers 430 av. J.-C., est un philosophe grec présocratique. </p><p>Surnommé « le Palamède d'Élée », selon une interprétation de Diogène Laërce qui voit en Zénon un palamède, c'est-à-dire un habile dialecticien, dont parle Platon dans le <i>Phèdre</i>. Il serait le principal disciple de Parménide, qui fut aussi son amant. Platon, dans le dialogue du <i>Parménide</i>, rapporte non sans complaisance, une rumeur ambiguë selon laquelle Zénon aurait été l'amant de son maître. Zénon vécut comme Parménide à Élée, ville située dans le sud de l'Italie. C'est l'un des représentants de l'école d'Élée. </p><p>À l'âge de 40 ans environ, il est probable qu'il accompagna son maître lors d'un voyage à Athènes, ville où il enseigna quelques années. Périclès et Callias auraient été de ses élèves. </p><p>Diogène Laërce raconte qu'il serait mort torturé pour avoir pris part à une conspiration contre un tyran d'Élée. Toujours selon Diogène Laërce, Aristote attribue à Zénon d'être l'inventeur de la dialectique (méthode de raisonnement qui cherche à établir la vérité en défendant successivement des thèses opposées) ; l'œuvre de Zénon a été consacrée à argumenter contre les contradicteurs de son maître. Il est principalement connu de nos jours pour ses paradoxes restés célèbres dans l'histoire de la philosophie, en particulier à cause des réfutations d'Aristote. Ces paradoxes, souvent présentés comme ayant pour but de montrer l'impossibilité du mouvement, sont aussi interprétés par certains chercheurs comme des arguments dirigés contre l’école de Pythagore qui affirmait la divisibilité du mouvement. </p>
Gorgias -483    -375    Présocratiques          <a href="https://fr.wikipedia.org/wiki/Gorgias">Page wikipedia</a>    <p><b>Gorgias</b> (en grec ancien <span lang="grc">Γοργίας</span> / <span lang="grc-latn"><i>Gorgías</i></span>) de Léontinoi (variantes : Léontini ou Léontium) est un philosophe présocratique, né à Léontinoi en Sicile (vers 480 av. J.-C.). Contemporain de Socrate, il apparaît dans plusieurs dialogues de Platon. </p><p>Sophiste, il enseignait l’art de persuader. Lucien de Samosate entre autres auteurs, dit qu’il vécut 108 ans. Platon, dont les écrits forment le noyau autour duquel la philosophie et son histoire se sont cristallisées, a jeté un tel discrédit sur la pensée de Gorgias<sup class="reference cite_virgule">,</sup>, le raillant dans son <i>Banquet</i><sup class="reference cite_virgule">,</sup>, que le mot sophiste est péjoratif, tandis qu’un sophisme désigne un raisonnement dont la logique est fallacieuse. </p><p>Selon Athénée, Gorgias, après avoir lu le dialogue platonicien qui porte son nom, aurait dit : <span>« Comme Platon sait bien se moquer ! »</span>. Il serait juste de revenir aux sources afin de découvrir l'importance de cette pensée, non seulement dans l'histoire de la philosophie mais aussi pour la pensée contemporaine. Athénée, au Livre VI de son <i>Banquet des Deipnosophistes</i> cite une anecdote sur Gorgias, d’après le philosophe péripatéticien Démétrios de Byzance : Quand on a demandé à Gorgias la raison de sa longévité, lui qui était centenaire, il a répondu : <span>« Je n’ai jamais fait une chose en vue de plaire à quelqu’un »</span>. </p>
Protagoras      -481    -411    Présocratiques  <img src="https://upload.wikimedia.org/wikipedia/commons/c/c1/Salvator_Rosa_-_D%C3%A9mocrite_et_Protagoras.jpg" />     <a href="https://fr.wikipedia.org/wiki/Protagoras">Page wikipedia</a> <p><b>Protagoras</b> (en grec ancien, <span lang="grc">Πρωταγόρας</span>) est un penseur présocratique et professeur du <abbr class="abbr" title="5ᵉ siècle"><span>V</span><sup style="font-size:72%">e</sup></abbr> siècle <abbr class="abbr nowrap" title="avant Jésus-Christ">av. J.-C.</abbr> (490 - vers 420 av. J.-C.). Considéré par Platon comme un sophiste, il est reconnu comme tel par la tradition antique et récente. Renommé de son vivant, Protagoras est resté célèbre pour son agnosticisme avoué et un certain relativisme : <span>« Des dieux, je ne sais ni s'ils sont ni s'ils ne sont pas »</span> et <span>« L'homme est la mesure de toute chose »</span><sup class="reference cite_virgule">,</sup><sup class="reference cite_virgule">,</sup>.  </p>
Socrate -470    -399    Philosophie antique     <img src="https://upload.wikimedia.org/wikipedia/commons/b/bc/Socrate_du_Louvre.jpg" />        <a href="https://fr.wikipedia.org/wiki/Socrate">Page wikipedia</a>      <p><b>Socrate</b> (en grec ancien : <span lang="grc">Σωκράτης</span> / <span lang="grc-latn"><i>Sōkrátēs</i></span> <span title="Alphabet phonétique international">/<span title="[s] en français « s » dans « sa » ; ailleurs avec la langue un peu plus en arrière (tel le basque : « s » dans « euskara »).">s</span><span title="[ɔ] « o » dans « sort ».">ɔ</span><span title="[ː] indique que le son précédent est allongé/géminé.">ː</span><span title="[k] « c » dans « cabas ».">k</span><span title="[r] « r » roulé.">r</span>á<span title="[t] en français « t » dans « tous » ; ailleurs avec la langue un peu plus en arrière.">t</span><span title="[ɛ] « è » dans « mère ».">ɛ</span><span title="[ː] indique que le son précédent est allongé/géminé.">ː</span><span title="[s] en français « s » dans « sa » ; ailleurs avec la langue un peu plus en arrière (tel le basque : « s » dans « euskara »).">s</span>/</span>) est un philosophe grec du <abbr class="abbr" title="5ᵉ siècle"><span>V</span><sup style="font-size:72%">e</sup></abbr> siècle <abbr class="abbr nowrap" title="avant Jésus-Christ">av. J.-C.</abbr> (né vers -470/469, mort en -399). Il est connu comme l’un des créateurs de la philosophie morale. Socrate n’a laissé aucun écrit, sa pensée et sa réputation se sont transmises par des témoignages indirects. Ses disciples, Platon et Xénophon, ont notablement œuvré à maintenir l'image de leur maître, qui est mis en scène dans leurs œuvres respectives. </p><p>Les philosophes Démétrios de Phalère, et Maxime de Tyr dans sa <i>Neuvième Dissertation</i> ont écrit que Socrate est mort à l’âge de 70 ans. Déjà renommé de son vivant, Socrate est devenu l’un des penseurs les plus illustres de l'histoire de la philosophie. Sa condamnation à mort et sa présence très fréquente dans les dialogues de Platon ont contribué à faire de lui une icône philosophique majeure. La figure Socratique a été discutée, reprise, et réinterprétée jusqu'à l'époque contemporaine. Socrate est ainsi célèbre au-delà de la sphère philosophique, et son personnage est entouré de légendes. </p><p>En dépit de cette influence culturelle, très peu de choses sont connues avec certitude sur le Socrate historique et ce qui fait le cœur de sa pensée. Les témoignages sont souvent discordants et la restitution de sa vie ou de sa pensée originelle est une approche sur laquelle les spécialistes ne s'accordent pas. </p>
Mozi    -470    -391    Philosophie chinoise    <img src="https://upload.wikimedia.org/wikipedia/commons/e/e7/Mozi_%28Chinese_characters%29.svg" />    <a href="https://fr.wikipedia.org/wiki/Mozi">Page wikipedia</a> <p><b>Mozi</b>, appelé encore <b>Mö-tseu</b> ou <b>Möti</b> (chinois : <span lang="zh">墨子</span> ; pinyin : <span><span lang="zh-latn-pinyin">mòzǐ</span></span> ; Wade : <i><span lang="zh-latn-wadegile"><b>Mo Tzu</b></span></i>, latinisé <b>Micius</b>, littéralement « maître Mo »), de son vrai nom <b>Mo Di</b> (<span lang="zh">墨翟</span>, <span><span lang="zh-latn-pinyin">mò dí</span></span>), est un philosophe chinois qui vécut de 479 à 392 av. J.-C. pendant les périodes des Printemps et des Automnes et des Royaumes combattants. </p><p>Ses écrits fournissent peu de renseignements sur le personnage bien que certaines anecdotes semblent laisser penser qu'il était originaire d'un milieu d'artisans. Cette extraction relativement modeste a conduit certains historiens marxistes à le considérer comme un penseur prolétarien en opposition aux penseurs confucéens liés à la noblesse. </p><p>Il commence par adhérer au confucianisme avant de s'en démarquer significativement et de créer sa propre école de pensée, le moïsme, dont les thèses se révèlent une remise en cause à la fois des enseignements confucianiste et taoïste. Loin de se borner à la recherche doctrinale, cette école s'organise au cours des <abbr class="abbr" title="3ᵉ siècle"><span>III</span><sup style="font-size:72%">e</sup></abbr> et <abbr class="abbr" title="4ᵉ siècle"><span>IV</span><sup style="font-size:72%">e</sup></abbr> siècles <abbr class="abbr nowrap" title="avant Jésus-Christ">av. J.-C.</abbr> en un mouvement militaro-religieux, composé de redresseurs de torts et d'ardents défenseurs de la paix par la création de brigades initiées aux arts martiaux, ayant uniquement un but d'interposition. Son discours est aussi empreint d'un antimilitarisme aigu, certainement lié à la situation de la Chine à ce moment de son histoire. </p><p>« Le plus glorieux des conquérants responsable de quantité de morts n'est qu'un meurtrier incomparablement plus criminel que l'assassin d'un seul homme<sup class="need_ref_tag" style="padding-left:2px;"><span title="Ce passage nécessite une référence (demandé le juin 2021) ; voir l'aide.">[réf. nécessaire]</span></sup>. » </p>
Démocrite       -460    -370    Philosophie antique     <img src="https://upload.wikimedia.org/wikipedia/commons/2/23/Ca%27_Rezzonico_-_Democrito_%281705%29_-_Giuseppe_Torretti.jpg" />       <a href="https://fr.wikipedia.org/wiki/D%C3%A9mocrite">Page wikipedia</a>      <p><b>Démocrite d'Abdère</b> (en grec <span lang="grc">Δημόκριτος</span> / <span lang="grc-latn"><i>Dêmókritos</i></span>, « choisi par le peuple »), né vers 460 av. J.-C. à Abdère et mort en 370 av. J.-C., est un philosophe grec considéré comme matérialiste en raison de sa conception d'un Univers constitué d'atomes et de vide. </p><p>Il a été un disciple de Leucippe, le fondateur de l'atomisme ; Diogène Laërce attribue injustement l'ouvrage de Démocrite à propos de l'atomisme à Épicure. </p><p>Strabon, qui se base sur l'opinion de Posidonius, dit que l'atomisme doit être attribué à Mochus, proto-philosophe de Sidon, qui fut antérieur à la guerre de Troie (qui vécut donc bien avant Leucippe et Démocrite). </p><p>Les contributions exactes de Démocrite sont difficiles à démêler de celles de son mentor Leucippe, car ils sont souvent mentionnés ensemble dans les textes des doxographes. Leurs spéculations sur les atomes se rapprochent de la compréhension du <abbr class="abbr" title="19ᵉ siècle"><span>XIX</span><sup style="font-size:72%">e</sup></abbr> siècle de la structure atomique. C'est pourquoi Démocrite est considéré <i>a posteriori</i> comme le plus scientifique des philosophes grecs, voire comme le « père de la science moderne », bien que ses idées reposent sur des bases très différentes de celle-ci. La véritable convergence se situe dans le doute et le scepticisme de Démocrite, qu'il exprime par la phrase : « en réalité, nous ne savons rien, car la vérité est au fond du puits », proche de la démarche du chercheur moderne, toujours critique, se tenant prudemment à l'écart des certitudes établies. </p><p>Largement ignoré dans l'Athènes antique, Démocrite était pourtant bien connu de son compatriote Aristote. Platon aussi connaissait l'atomisme démocritéen, comme on le voit dans le <i>Timée</i>, où des analogies évidentes existent entre, d'une part, l'atomisme platonicien et sa conception de la pathologie des tissus, et d’autre part, les maladies et la mort de l'organisme vivant et du cosmos chez Démocrite. De telles analogies suggèrent l'hypothèse d'une influence de Démocrite sur certaines pages du <i>Timée</i>. Mais, Platon ne nomme jamais Démocrite, ce qui a autorisé un anti-platonicien comme Aristoxène à formuler une explication <span title="Ce passage semble contrevenir à la neutralité de point de vue.">non exempte d'une certaine tonalité polémique malveillante</span><sup class="need_ref_tag" style="padding-left:2px;">[non neutre]</sup> :  </p> <blockquote> <p>« Aristoxène rapporte, dans les <i>Commentaires historiques</i>, que Platon avait eu l'intention de brûler tous les écrits de Démocrite qu'il avait pu rassembler, mais que les pythagoriciens Amyclas et Clinias l'en détournèrent en lui représentant qu'il n'y gagnerait rien, puisqu'ils étaient très répandus. Ce qui confirme ce récit, c'est que Platon, qui a parlé de presque tous les anciens philosophes, ne cite pas une fois Démocrite, pas même lorsqu'il serait en droit de le combattre, sans doute parce qu'il savait bien à quel redoutable adversaire il aurait affaire. (Diogène Laërce, IX, <i>Démocrite</i>, paragraphe 5)<sup class="reference cite_virgule">,</sup>. » </p> </blockquote> <p>Démocrite est souvent classé parmi les présocratiques du point de vue philosophique, bien qu'il soit un peu plus jeune que Socrate (469-399), et qu'il soit mort quelque trente années après lui. </p>
Platon  -428    -348    Philosophie antique     <img src="https://upload.wikimedia.org/wikipedia/commons/d/da/Plato_Pio-Clemetino_Inv305.jpg" />       <a href="https://fr.wikipedia.org/wiki/Platon">Page wikipedia</a>       <p class="mw-empty-elt"> </p>   <p><b>Platon</b> (en grec ancien <span lang="grc">Πλάτων</span> / <span lang="grc-latn"><i>Plátôn</i></span> <span title="Alphabet phonétique international">/<span title="[p] « p » dans « papa ».">p</span><span title="[l] « l » dans « loup ».">l</span>á<span title="[.] indique la séparation entre deux syllabes.">.</span><span title="[t] en français « t » dans « tous » ; ailleurs avec la langue un peu plus en arrière.">t</span><span title="[ɔ] « o » dans « sort ».">ɔ</span><span title="[ː] indique que le son précédent est allongé/géminé.">ː</span><span title="[n] en français « n » dans « nous » ; ailleurs avec la langue un peu plus en arrière.">n</span>/</span>), né en 428 / 427 av. J.-C. et mort en 348 / 347 av. J.-C. à Athènes, est un philosophe antique de la Grèce classique, contemporain de la démocratie athénienne et des sophistes qu'il critiqua vigoureusement. Il reprit le travail philosophique de certains de ses prédécesseurs, notamment Socrate dont il fut l'élève, ainsi que Parménide, Héraclite et Pythagore, afin d'élaborer sa propre pensée. Celle-ci explore la plupart des champs importants, c'est-à-dire la métaphysique, l'éthique, l'esthétique et la politique.  </p><p>Son œuvre, composée presque exclusivement de dialogues, produit les premières formulations classiques des problèmes majeurs de l'histoire de la philosophie occidentale. Chaque dialogue de Platon est l'occasion d'interroger un sujet donné, par exemple le beau ou le courage. Il y développe une méthode qu'il appelle dialectique ou maïeutique. Il voua la majeure partie de son activité à la philosophie première, mais il se consacra aussi aux apparences et aborda l'histoire naturelle dans laquelle il voulut établir deux principes : </p> <ul><li>l'un subissant, comme la matière, appelé récepteur universel ;</li> <li>l'autre agissant, comme une cause, qu'il rattache de façon projective et anthropomorphique à la puissance du dieu et du Bien.</li></ul><p>Platon développe une réflexion sur les Idées communément appelée théorie des Formes ou théorie des Idées dans laquelle la réalité sensible est considérée comme un ensemble d'objets participant de leurs modèles immuables. La Forme suprême est, selon le contexte, tantôt le Bien, tantôt le Beau. La philosophie politique de Platon considère que la Cité juste doit être construite selon le modèle du Bien en soi. Il développe en conséquence l'idée du Philosophe roi.  </p><p>La pensée de Platon n'est pas monolithique. Une partie de ses dialogues aboutissent à des apories philosophiques : apportant une solution aux problèmes posés, ils ne constituent pas une réponse unique et définitive. Un long débat a donc agité les commentateurs pour déterminer si Platon professait une philosophie dogmatique ou sceptique. </p><p>Il est généralement considéré comme l'un des premiers philosophes occidentaux, sinon comme l'inventeur de la philosophie, au point que Whitehead a pu dire : <span>« La philosophie occidentale n'est qu’une suite de notes de bas de page aux dialogues de Platon »</span>. Théophraste, parlant des philosophes, dit de Platon qu'il fut le premier par la renommée et le génie, tout en étant le dernier dans la chronologie. </p>
Diogène de Sinope       -413    -323    Cynisme <img src="https://upload.wikimedia.org/wikipedia/commons/b/b1/Jean-L%C3%A9on_G%C3%A9r%C3%B4me_-_Diogenes_-_Walters_37131.jpg" />       <a href="https://fr.wikipedia.org/wiki/Diog%C3%A8ne_de_Sinope">Page wikipedia</a>      <p><b>Diogène de Sinope</b>, en grec ancien <span lang="grc"> Διογένης ὁ Σινωπεύς</span> / <span lang="grc-latn"><i>Diogénês ho Sinopeús</i></span>, également appelé <b>Diogène le cynique</b>, est un philosophe grec de l'Antiquité, le plus célèbre représentant de l'école cynique (Sinope v. 413 – Corinthe, v. 327 av. J.-C.). Il est contemporain de Philippe II de Macédoine et de son fils Alexandre le Grand. </p><p>Disciple de Xéniade et d'Antisthène, il devient le maître, entre autres, de Monime. Parmi tous les auteurs cyniques, c'est au sujet de Diogène que la légende a accumulé le plus d'anecdotes et de mots d’esprit, issus notamment de l'ouvrage de Diogène Laërce <i>Vies, doctrines et sentences des philosophes illustres</i> qui relève du genre littéraire de la chrie. Ce foisonnement rendant leur authenticité douteuse. Les portraits de Diogène qui nous ont été transmis divergent parfois, le présentant tantôt comme un philosophe débauché, hédoniste et irréligieux, tantôt comme un ascète sévère, volontaire, voire héroïque. </p><p>La masse d'anecdotes légendaires sur Diogène montre que le personnage a profondément marqué les Athéniens. Il vit dehors, dans le dénuement, vêtu d'un simple manteau, muni d'un bâton, d'une besace et d'une écuelle. Dénonçant l'artifice des conventions sociales, il préconise en effet une vie simple, plus proche de la nature et se contente d'une grande jarre couchée sur le flanc — en grec <i>pithos</i> — pour dormir. Diogène a l'art de l'invective et de la parole mordante. Il semble qu'il ne se prive pas de critiquer ouvertement les grands hommes et les autres philosophes de son temps (parmi lesquels Platon). </p><p>Les apostrophes les plus connues qui lui sont attribuées sont : </p> <ul><li><span>« <b>Je cherche un homme</b> »</span> (voulant dire un homme « vrai », bon et sage), phrase qu'il a lancée à ses concitoyens en parcourant les rues, brandissant sa lanterne allumée en plein jour et qu'il approche du visage des passants ;</li> <li><span>« <b>Ôte-toi de mon soleil</b> »</span>, réplique faite à Alexandre le Grand, qui est aimablement venu le voir et qui lui a demandé s'il pouvait l'aider en quoi que ce soit.</li> <li><span>« <b>Contemple, je t’ai apporté un homme !</b> »</span>, dite à Platon lorsque celui-ci avait défini l’Homme comme un « bipède sans plumes ». Diogène dépluma un poulet qu’il apporta à l’Académie en lançant cette phrase pour se moquer de lui. Platon rajoutera par la suite « doté de larges ongles plats » à sa définition.</li></ul>
Aristote        -384    -322    Philosophie antique     <img src="https://upload.wikimedia.org/wikipedia/commons/a/a4/Aristoteles_Louvre.jpg" />       <a href="https://fr.wikipedia.org/wiki/Aristote">Page wikipedia</a>     <p class="mw-empty-elt"> </p>   <p><b>Aristote</b> (384-322 <abbr class="abbr nowrap" title="avant Jésus-Christ">av. J.-C.</abbr>) est un philosophe et polymathe grec de l'Antiquité. Il est avec Platon, dont il a été le disciple à l'Académie, l'un des penseurs les plus influents que le monde occidental ait connu. Il est aussi l'un des rares à avoir abordé presque tous les domaines de connaissance de son temps : biologie, physique, métaphysique, logique, poétique, politique, rhétorique, éthique et de façon ponctuelle l'économie. Chez Aristote, la philosophie, à l’origine « amour de la sagesse », est comprise dans un sens plus large comme recherche du savoir pour lui-même, interrogation sur le monde et science des sciences. </p><p>Pour lui, la science comprend trois grands domaines : la science théorique, la science pratique et la science productive ou <i>poïétique</i> (appliquée). La science théorique constitue la meilleure utilisation que l'homme puisse faire de son temps libre. Elle est composée de la « philosophie première » ou métaphysique, de la mathématique et de la physique, appelée aussi philosophie naturelle. La science pratique tournée vers l'action (<i>praxis</i>) est le domaine de la politique et de l'éthique. La science productive couvre le domaine de la technique et de la production de quelque chose d'extérieur à l'homme. Entrent dans son champ l'agriculture, mais aussi la poésie, la rhétorique et, de façon générale, tout ce qui est fait par l'homme. La logique, quant à elle, n'est pas considérée par Aristote comme une science, mais comme l'instrument qui permet de faire progresser les sciences. Exposée dans un ouvrage intitulé <i>Organon</i>, elle repose sur deux concepts centraux : le syllogisme, qui marquera fortement la scolastique, et les catégories. </p><p>La nature (<i>Physis</i>) tient une place importante dans la philosophie d'Aristote. Selon lui, les matières naturelles possèdent en elles-mêmes un principe de mouvement (<i><span lang="grc-latn">en telos echeïn</span></i>). Par suite, la physique est consacrée à l'étude des mouvements naturels provoqués par les principes propres de la matière. Pour sa métaphysique, il défend l'idée d'un premier moteur qui met en mouvement le cosmos sans être lui-même mû. De même, salon lui tous les vivants ont une âme, mais celle-ci a diverses fonctions. Les plantes ont seulement une âme animée d'une fonction végétative, celle des animaux possède à la fois une fonction végétative et sensitive, celle des hommes est dotée en plus d'une fonction intellectuelle. </p><p>La vertu éthique, selon Aristote, est en équilibre entre deux excès. Ainsi, un homme courageux ne doit être ni téméraire, ni couard. Il en découle que l'éthique aristotélicienne est très marquée par les notions de mesure et de <i>phronêsis</i> (en français sagesse). Son éthique, tout comme sa politique et son économie, est tournée vers la recherche du Bien. Aristote, dans ce domaine, a profondément influencé les penseurs des générations suivantes. En lien avec son naturalisme, le Stagirite considère la cité comme une entité naturelle qui ne peut perdurer sans justice et sans amitié (<i>philia</i>). </p><p>À sa mort, sa pensée connaît plusieurs siècles d'oubli. Il faut attendre la fin de l'Antiquité pour qu'il revienne au premier rang. Depuis la fin de l'Empire romain et jusqu'à sa redécouverte au <abbr class="abbr" title="12ᵉ siècle"><span>XII</span><sup style="font-size:72%">e</sup></abbr> siècle, l'Occident, à la différence de l'Empire byzantin et du monde musulman, n'a qu'un accès limité à son œuvre grâce aux écrits d'Isidore de Séville et se répand à travers l'Europe. À partir de sa redécouverte, la pensée d'Aristote influence fortement la philosophie et la théologie de l'Occident durant les quatre à cinq siècles suivants, non sans créer des tensions avec la pensée d'Augustin d'Hippone. Associée au développement des universités, qui débute au <abbr class="abbr" title="12ᵉ siècle"><span>XII</span><sup style="font-size:72%">e</sup></abbr> siècle, elle marque profondément la scolastique et, par l'intermédiaire de l'œuvre de Thomas d'Aquin, le christianisme catholique. </p><p>Au <abbr class="abbr" title="17ᵉ siècle"><span>XVII</span><sup style="font-size:72%">e</sup></abbr> siècle, la percée de l'astronomie scientifique avec Galilée puis Newton discrédite le géocentrisme. Il s'ensuit un profond recul de la pensée aristotélicienne dans tout ce qui touche à la science. Sa logique, l'instrument de la science aristotélicienne, est également critiquée à la même époque par Francis Bacon. Cette critique se poursuit aux <abbr class="abbr" title="19ᵉ siècle"><span>XIX</span><sup style="font-size:72%">e</sup></abbr> siècle et <abbr class="abbr" title="20ᵉ siècle"><span>XX</span><sup style="font-size:72%">e</sup></abbr> siècle où Frege, Russell et Dewey retravaillent en profondeur et généralisent la syllogistique. Au <abbr class="abbr" title="19ᵉ siècle"><span>XIX</span><sup style="font-size:72%">e</sup></abbr> siècle, sa philosophie connaît un regain d'intérêt. Elle est étudiée et commentée entre autres par Schelling et Ravaisson, puis par Heidegger et, à sa suite, par Leo Strauss et Hannah Arendt, deux philosophes considérés par Kelvin Knight comme des néo-aristotéliciens « pratiques ». Plus de 2 300 ans après sa mort, sa pensée demeure toujours étudiée et commentée par la philosophie occidentale. </p>
Mencius -372    -289    Philosophie chinoise    <img src="https://upload.wikimedia.org/wikipedia/commons/7/7d/Half_Portraits_of_the_Great_Sage_and_Virtuous_Men_of_Old_-_Meng_Ke_%28%E5%AD%9F%E8%BB%BB%29.jpg" />      <a href="https://fr.wikipedia.org/wiki/Mencius">Page wikipedia</a>     <p><b>Mencius</b><sup class="reference cite_virgule">,</sup>, de son nom personnel <b>Meng Ke</b>, ou Meng Tzeu, est un penseur chinois confucéen ayant vécu aux alentours de 380 av. J.-C.-289 av. J.-C.  </p><p>Mencius aurait étudié auprès d'un disciple de Zi Si, petit-fils de Confucius. Se posant en défenseur des stricts enseignements du maître, il a combattu sans relâche les « hérésies extrémistes » des disciples de Mo Zi et de Yang Zhu. Sillonnant la Chine chaotique des Royaumes combattants à la recherche d'un sage-roi capable de restaurer la paix, il a rencontré un grand nombre de princes de cette époque et leurs entretiens sont consignés dans le livre qui porte son nom, le <i>Mencius</i>, l'un des Quatre Livres formant, avec les Cinq Classiques, le corpus néo-confucianiste tel que défini par Zhu Xi, le grand réformateur des Song. Il est appelé 'Maeng-ja' en Corée, et 'Môshi' au Japon. </p>
Zhuangzi        -369    -288    Philosophie chinoise            <a href="https://fr.wikipedia.org/wiki/Zhuangzi">Page wikipedia</a>    <p>Le terme <b>Zhuanzi</b> peut faire référence à : </p> <ul><li>Tchouang-tseu ou Zhuangzi, un penseur chinois du <abbr class="abbr" title="4ᵉ siècle"><span>IV</span><sup style="font-size:72%">e</sup></abbr> siècle <abbr class="abbr nowrap" title="avant Jésus-Christ">av. J.-C.</abbr> ;</li> <li>Le <i>Zhuangzi</i>, un texte taoïste dont on attribue une partie de la paternité à ce penseur.</li></ul>
Pyrrhon -360    -270    Scepticisme antique             <a href="https://fr.wikipedia.org/wiki/Pyrrhon">Page wikipedia</a>      
Hipparchia      -350    -280    Cynisme <img src="https://upload.wikimedia.org/wikipedia/commons/b/b9/Hipparchia_of_Maroneia_Villa_Farnesina.jpg" />   <a href="https://fr.wikipedia.org/wiki/Hipparchia">Page wikipedia</a>   <p><b>Hipparchia</b> (en grec ancien <span lang="grc">Ἱππαρχία</span> / <span lang="grc-latn"><i>Hipparkhía</i></span>) est une philosophe cynique grecque de la fin du <abbr class="abbr" title="4ᵉ siècle"><span>IV</span><sup style="font-size:72%">e</sup></abbr> siècle <abbr class="abbr nowrap" title="avant Jésus-Christ">av. J.-C.</abbr>, sœur de Métroclès et épouse de Cratès de Thèbes. </p>
Épicure -341    -270    Épicurisme      <img src="https://upload.wikimedia.org/wikipedia/commons/8/88/Epikouros_BM_1843.jpg" />        <a href="https://fr.wikipedia.org/wiki/%C3%89picure">Page wikipedia</a> <p><b>Épicure</b> (en grec <span lang="grc">Ἐπίκουρος</span> / <span lang="grc-latn"><i>Epíkouros</i></span>) est un philosophe grec, né à la fin de l'année 342 <abbr class="abbr nowrap" title="avant Jésus-Christ">av. J.-C.</abbr> ou au début de l'année 341 <abbr class="abbr nowrap" title="avant Jésus-Christ">av. J.-C.</abbr> et mort en 270 <abbr class="abbr nowrap" title="avant Jésus-Christ">av. J.-C.</abbr> Il est le fondateur, en 306 <abbr class="abbr nowrap" title="avant Jésus-Christ">av. J.-C.</abbr>, de l'épicurisme, l'une des plus importantes écoles philosophiques de l'Antiquité, et mixte à son origine. </p><p>En physique, il soutient que la Nature entière est composée de deux choses : les corps et le vide, qu'il appelle le « Tout ». Dans la continuité de Démocrite, tout en s'en distinguant, il définit que les corps sont soit de particules insécables, d'où le nom « atome » qui trouve son étymologie dans « ἄτομος » qui signifie « insécable », soit des compositions de ces atomes (qui se forment aléatoirement dans leur course cosmique, par choc, dans une dynamique concentrique (par effet des forces en jeu)). Ceux-ci étant voués à se dissoudre, selon des principes explicatifs tel le clinamen et la nature de résistance des atomes qui les amènent à se dissocier (à un moment) du composé qu'ils ont constitués. La mobilité des atomes est assurée par vide défini comme un milieu sans résistance. Cependant il démontre que le « Tout » est limite. </p><p>Des effets physiques de la constitution de ces corps naissent ce qu'il appelle des simulacres, qui sont un des éléments constitutifs de sa théorie de l'âme. Celle-ci est rattachée au corps humain dont il s'attache à définir la nature et le fonctionnement en utilisant le concept de sensation, de simulacre, de Temps, de choix et rejet, de raisonnement développé, entre autres. </p><p>Cette définition de la réalité le pousse à conclure que pour diverses raisons une vie réussie correspond avant tout par l’évitement de la douleur. </p><p>Épicure créa sa philosophie dans une époque troublée. Il voulut un système qui permette aux personnes de ne plus vivre dans la crainte, en particulier des Dieux et de la mort. L’épicurisme était la philosophie privilégiée par les Romains. C'est la raison pour laquelle les Stoïciens tardifs dits directeurs de conscience, soit à partir de Cicéron, essayèrent de produire une synthèse entre différentes philosophies dans leurs propres disciplines, en incluant celle-ci. </p><p>Diogène Laërce, certainement par faveur, lui consacrera un chapitre entier dans son histoire des philosophes. </p><p>L'ouvrage principal d’Épicure est la <i>Nature</i>, dont subsiste un abrégé, à travers Diogène Laërce, et des fragments qui sont en cours d'exhumation via le site d'Herculanum et les inscriptions murales léguées par Diogène d'Œnoanda. </p>   
Zénon de Cittium        -334    -262    Stoïcisme       <img src="https://upload.wikimedia.org/wikipedia/commons/4/41/Zeno_of_Citium_pushkin.jpg" />   <a href="https://fr.wikipedia.org/wiki/Z%C3%A9non_de_Kition">Page wikipedia</a> <p><b>Zénon de Kition</b> (en grec ancien <span lang="grc">Ζήνων ὁ Κιτιεύς</span> / <span lang="grc-latn"><i>Zếnôn ho Kitieús</i></span>), né en <time class="nowrap date-lien" datetime="U-0331" data-sort-value="U-0331">332 <abbr class="abbr" title="332 avant Jésus-Christ">av. J.-C.</abbr></time> et mort en <time class="nowrap date-lien" datetime="U-0261" data-sort-value="U-0261">262</time>, est un philosophe grec d'origine phénicienne, fondateur en <time class="nowrap date-lien" datetime="U-0300" data-sort-value="U-0300">301</time> du stoïcisme. Il est originaire de Kition (ou Citium en latin), actuelle Larnaca, le foyer principal de la colonisation phénicienne à Chypre. Sa doctrine a ceci de nouveau qu'elle joint deux traditions jusqu'alors séparées, à savoir la théorie de la sagesse et la physique : Zénon tente de concilier les thèses naturalistes de certains Académiciens successeurs de Platon avec la théorie cynique de la sagesse, et pose ainsi les bases d'un système matérialiste, moniste et déterministe dont le rayonnement est considérable. </p>
Xun Zi  -313    -238    Philosophie chinoise    <img src="https://upload.wikimedia.org/wikipedia/commons/5/56/Portrait_of_Xun_Zi.jpg" />       <a href="https://fr.wikipedia.org/wiki/Xun_Zi">Page wikipedia</a>       <p><b>Xun Zi</b> ou <b>Siun Tseu</b> (chinois : <span lang="zh">荀子</span> ; pinyin : <span><span lang="zh-latn-pinyin">Xún Zǐ</span></span> ; Wade : <i><span lang="zh-latn-wadegile">Hsün Tzu</span></i> ; EFEO : <i><span lang="zh-latn">Siun-tseu</span></i>) est un penseur chinois confucéen, originaire du royaume de Zhao et ayant vécu tout à la fin de la période des Royaumes combattants, au <abbr class="abbr" title="3ᵉ siècle"><span>III</span><sup style="font-size:72%">e</sup></abbr> siècle <abbr class="abbr nowrap" title="avant Jésus-Christ">av. J.-C.</abbr> </p><p>Xun Zi a vu dans son enfance des guerres incessantes avec leurs séquelles de cruautés, de félonies et de misère. Ces maux le persuadent sans peine que les hommes ne possèdent pas ces quatre rudiments de vertu (compassion, vergogne, modestie, sens du juste) que discernait en eux Mencius.</p><p>Membre de l'Académie Jixia, grand foyer culturel et point de ralliement des grands penseurs de l'époque, puis haut magistrat du royaume méridional de Chu, Xun Zi élabore une pensée réaliste, tournée vers l'action et « rationaliste ». Il est le penseur de référence de la branche dite « réaliste » du confucianisme, la branche opposée étant celle de Mencius.  Il la défend vigoureusement, face aux écoles de pensées concurrentes, dans un livre du même nom, le <i>Xunzi</i> (荀子), divisé en 32 chapitres portant chacun sur un thème précis, et qui fut le premier écrit chinois à proposer un discours construit et argumenté. </p><p>De même, ce qui l'importe est la pratique de la justice, la manifestation de l’humanité et les rites. Ainsi, Xun Zi accorde de l’importance à l’étiquette, mais dans un contexte de formation d’une société, s’est introduite une discipline du désir à valeur éducative incluant des fêtes religieuses et des danses. </p><p>Il eut notamment pour élèves les penseurs légistes Han Fei Zi et Li Si. </p>
Han Fei -280    -233    Philosophie chinoise            <a href="https://fr.wikipedia.org/wiki/Han_Fei">Page wikipedia</a>      
Chrysippe       -279    -206    Stoïcisme               <a href="https://fr.wikipedia.org/wiki/Chrysippe">Page wikipedia</a>
Cicéron -106    -43     Philosophie antique     <img src="https://upload.wikimedia.org/wikipedia/commons/8/8a/Bust_of_Cicero_%281st-cent._BC%29_-_Palazzo_Nuovo_-_Musei_Capitolini_-_Rome_2016.jpg" /> <a href="https://fr.wikipedia.org/wiki/Cic%C3%A9ron">Page wikipedia</a>        <p class="mw-empty-elt"> </p>   <p class="mw-empty-elt"> </p> <p><b>Cicéron</b> (en latin <i><span lang="la">Marcus Tullius Cicero</span></i>), homme d'État romain et brillant orateur, est né le <time class="nowrap date-lien" datetime="U-0106-12-31" data-sort-value="U-0106-12-31">3 janvier 106 <abbr class="abbr" title="106 avant Jésus-Christ">av. J.-C.</abbr></time> à Arpinum en Italie et est assassiné le <time class="nowrap date-lien" datetime="U-0042-12-05" data-sort-value="U-0042-12-05">7 décembre 43 <abbr class="abbr" title="43 avant Jésus-Christ">av. J.-C.</abbr></time> (calendrier julien) à Formies. Il est à la fois avocat, philosophe, rhéteur et écrivain latin. </p><p>Citoyen romain, né dans une famille équestre ayant de fortes assises locales à Arpinum, Cicéron n'appartient pas à la noblesse, ce qui en principe ne le destine pas à un rôle politique majeur. Après une solide formation à la rhétorique et au droit, il réussit, grâce à ses talents d'avocat, à se constituer suffisamment d'appuis pour parvenir, en 63 av. J.-C., à la magistrature suprême, le consulat. C'est un homme nouveau (<i>homo novus</i>). La même année, et dans une République en crise menacée par les ambitieux, il déjoue la conjuration de Catilina, notamment grâce à l'énergie de ses discours, les Catilinaires. </p><p>Ce succès qui fait sa fierté cause ensuite son exil en 58 av. J.-C., pour avoir exécuté des conjurés sans procès. Revenu à Rome en 57 av. J.-C., il ne joue plus de rôle important sur la scène politique, dominée par Pompée et César. Durant la guerre civile qui commence en 49 av. J.-C., il rallie Pompée avec hésitation, puis est forcé de s'accommoder du pouvoir de César, avant de s'allier à Octave contre Antoine. Sa franche opposition à Antoine lui coûte la vie en 43 av. J.-C. </p><p>Orateur remarquable, il publie une abondante production considérée comme un modèle de l'expression latine classique et dont une grande partie nous est parvenue. Il consacre sa période d'inactivité politique à la rédaction d'ouvrages sur la rhétorique et à l'adaptation en latin des théories philosophiques grecques. En partie perdus pendant le Moyen Âge, ses ouvrages connaissent un regain d'intérêt durant la renaissance carolingienne puis la renaissance italienne et l'époque classique. En revanche, au <abbr class="abbr" title="19ᵉ siècle"><span>XIX</span><sup style="font-size:72%">e</sup></abbr> siècle et dans la première moitié du <abbr class="abbr" title="20ᵉ siècle"><span>XX</span><sup style="font-size:72%">e</sup></abbr> siècle, il n'est considéré que comme un simple compilateur des philosophes grecs. Plus positivement, Pierre Grimal considère qu'il a été un intermédiaire précieux qui nous a transmis une partie de la philosophie grecque. Dans le domaine politique, les jugements ont été souvent sévères : intellectuel égaré au milieu d'une foire d'empoigne, parvenu italien monté à Rome, opportuniste versatile, « instrument passif de la monarchie larvée » de Pompée puis de César selon des spécialistes tels que Theodor Mommsen et Jérôme Carcopino. </p>
Lucrèce -99     -55     Épicurisme      <img src="https://upload.wikimedia.org/wikipedia/commons/2/26/Lucretius1.png" />       <a href="https://fr.wikipedia.org/wiki/Lucr%C3%A8ce">Page wikipedia</a> <p><b>Lucrèce</b> (en latin <i>Titus Lucretius Carus</i>) est un poète philosophe latin du <abbr class="abbr" title="1ᵉʳ siècle"><span>I</span><sup style="font-size:72%">er</sup></abbr> siècle <abbr class="abbr nowrap" title="avant Jésus-Christ">av. J.-C.</abbr> (peut-être 98-55), auteur d'un seul ouvrage en six parties, le <i>De rerum natura</i> (<i>De la nature des choses</i>, qu’on traduit le plus souvent par <i>De la nature</i>), un long poème passionné qui décrit le monde selon les principes d'Épicure. </p><p>C’est essentiellement grâce à lui que nous connaissons l'une des plus importantes écoles philosophiques de l'Antiquité, l'épicurisme, car des ouvrages d’Épicure, qui fut beaucoup lu et célébré dans toute l’Antiquité tardive, il ne reste pratiquement rien, sauf trois lettres et quelques sentences. </p><p>Si Lucrèce expose fidèlement la doctrine de son maître, il met à la défendre une âpreté nouvelle, une sombre ardeur. <span>« On entend dans son vers les spectres qui s'appellent »</span>, dit Victor Hugo. Son tempérament angoissé et passionné est presque à l’opposé de celui du philosophe grec. Il vit dans une époque troublée par les guerres civiles et les proscriptions (massacres de Marius, proscriptions de Sylla, révolte de Spartacus, conjuration de Catilina). De là, les pages sombres du <i>De rerum natura</i> sur la mort, le dégoût de la vie, la peste d’Athènes, de là aussi sa passion anti-religieuse qui s’en prend avec acharnement aux cultes et aux prêtres des religions romaines de son époque, passion que l’on ne retrouve pas dans les textes conservés d’Épicure, même si celui-ci critique la superstition et même la religiosité populaire. Contre les positions des univers cléricaux antiques (romains, grecs, etc.), il propose de se soustraire aux craintes induites par les sphères religieuses, auxquelles il oppose une dimension rationnelle. </p><p>Ainsi, il explique de façon matérielle les objets et le vivant, qui prennent forme via des combinaisons d'atomes. </p><p>Surtout, Lucrèce unit à la science épicurienne, souvent difficile, la douceur et la dimension visionnaire de la poésie. </p>
Sénèque -4      65      Stoïcisme       <img src="https://upload.wikimedia.org/wikipedia/commons/4/44/Duble_herma_of_Socrates_and_Seneca_Antikensammlung_Berlin_07.jpg" />     <a href="https://fr.wikipedia.org/wiki/S%C3%A9n%C3%A8que">Page wikipedia</a>   <p><b>Sénèque</b> (en latin <i><span lang="la">Lucius Annaeus Seneca</span></i>), né à Cordoue, dans le sud de l'Espagne, entre l'an 4 av. J.-C. et l'an 1 apr. J.-C., mort le 12 avril 65 apr. J.-C., est un philosophe de l'école stoïcienne, un dramaturge et un homme d'État romain du <abbr class="abbr" title="1ᵉʳ siècle"><span>I</span><sup style="font-size:72%">er</sup></abbr> siècle. Il est parfois nommé <b>Sénèque le Philosophe</b>, <b>Sénèque le Tragique</b> ou <b>Sénèque le Jeune</b> pour le distinguer de son père, Sénèque l'Ancien. </p><p>Conseiller à la cour impériale sous Caligula, exilé à l'avènement de Claude puis rappelé comme précepteur de Néron, Sénèque joue un rôle important de conseiller auprès de ce dernier avant d'être discrédité et acculé au suicide. Ses traités philosophiques comme <i>De la colère</i>, <i>De la vie heureuse</i> ou <i>De la brièveté de la vie</i>, et surtout ses <i>Lettres à Lucilius</i> exposent ses conceptions philosophiques stoïciennes. Pour lui : </p> <blockquote> <p>« Le souverain bien, c'est une âme qui méprise les événements extérieurs et se réjouit par la vertu. » </p> </blockquote><p> Ses tragédies constituent l'un des meilleurs exemples du théâtre tragique latin avec des œuvres qui nourriront le théâtre classique français du <abbr class="abbr" title="17ᵉ siècle"><span>XVII</span><sup style="font-size:72%">e</sup></abbr> siècle comme <i>Médée</i>, <i>Œdipe</i> ou <i>Phèdre</i>. </p>
Plutarque       45      120     Philosophie antique     <img src="https://upload.wikimedia.org/wikipedia/commons/6/62/Plutarch_head_only.jpg" />       <a href="https://fr.wikipedia.org/wiki/Plutarque">Page wikipedia</a>    <p><b>Plutarque</b> (en grec ancien : <span lang="grc">Πλούταρχος</span> / <span lang="grc-latn"><i>Ploútarkhos</i></span>), né vers 46 à Chéronée en Béotie et mort vers 125, est un philosophe, biographe, moraliste et penseur majeur de la Rome antique. Grec d'origine, il est considéré comme un médio-platoniste<sup class="reference cite_virgule">,</sup>. Il s'opposa dans certaines de ses <i>Œuvres morales</i> ou <i>Moralia</i> aux courants stoïcien<sup class="reference cite_virgule">,</sup> et épicurien. </p>   
Épictète        50      135     Stoïcisme       <img src="https://upload.wikimedia.org/wikipedia/commons/9/90/Epictetus.jpg" />        <a href="https://fr.wikipedia.org/wiki/%C3%89pict%C3%A8te">Page wikipedia</a>   <p><b>Épictète</b> (en grec ancien : <span lang="grc">Ἐπίκτητος</span> / <span lang="grc-latn"><i>Epíktêtos</i></span>, qui signifie « homme acheté, serviteur » ; Hiérapolis, Phrygie, 50 - Nicopolis, Épire 125 ou 130) était un philosophe de l’école stoïcienne. </p><p>Sa vie est relativement peu connue et il ne laissa aucune œuvre écrite de sa main. Son disciple Arrien assura la transmission de son œuvre en publiant les notes prises lors des leçons de son maître, en huit livres, dont la moitié sont aujourd'hui perdus, ainsi qu'un condensé de doctrine morale, le <i>Manuel</i>, textes qui eurent une influence certaine sur Marc Aurèle. </p><p>Épictète met fortement en avant la partie éthique de la philosophie. Bien qu'il enseigne également la logique stoïcienne, il insiste fortement sur la prépondérance de l'action et sa philosophie est avant tout pratique. Fidèle aux conceptions traditionnelles de l'école du portique, il présente l'Homme comme soumis à un destin rationnel (<i>fatum stoicum</i>) et inexorable, ordonné par les lois de la nature. Son enseignement se veut une méthode pour atteindre le bonheur en se concentrant uniquement sur ce qui dépend de nous et en acceptant tout décret du destin (dans le sens stoïcien). L'Homme doit donc accomplir son devoir en dépit des circonstances, en tenant compte de sa nature sociale et en considérant les autres de manière rationnelle et bienveillante. </p>   
Marc Aurèle     121     180     Stoïcisme       <img src="https://upload.wikimedia.org/wikipedia/commons/b/b7/%28Toulouse%29_Buste_cuirass%C3%A9_de_Marc_Aur%C3%A8le_ag%C3%A8_-_Mus%C3%A9e_Saint-Raymond_Ra_61_b.jpg" />       <a href="https://fr.wikipedia.org/wiki/Marc_Aur%C3%A8le">Page wikipedia</a>    <p class="mw-empty-elt"> </p> <p><b>Marc Aurèle</b> (en latin : <span lang="la"><i>Marcus Aurelius Antoninus</i></span>) est un empereur, philosophe stoïcien et écrivain romain né le <time class="nowrap date-lien bday" datetime="0121-04-25" data-sort-value="0121-04-25">26 avril 121</time> à Rome et mort le <time class="nowrap date-lien dday" datetime="0180-03-16" data-sort-value="0180-03-16">17 mars 180</time> à Sirmione (selon Tertullien) ou à Vindobona. Il est le dernier des souverains connus sous le nom des <span>« cinq bons empereurs »</span> et le dernier empereur de la <i>Pax Romana</i>, une époque de paix et de stabilité relatives pour l'Empire romain. Il est consul romain en 140, 145 et 161. </p><p>Marc Aurèle naît sous le règne d'Hadrien. Il est le fils du préteur Marcus Annius Verus et de l'héritière Domitia Lucilla Minor. Son père meurt alors qu'il est encore enfant et Marc Aurèle est élevé par sa mère et ses grands-pères. Après la mort du fils adoptif d'Hadrien, Lucius Aelius, en 138, l'empereur adopte l'oncle de Marc Aurèle, Antonin le Pieux, comme nouvel héritier. À son tour, Antonin adopte Marc Aurèle et Lucius Aurelius Verus, le fils d'Aelius. Hadrien meurt cette année-là et Antonin devient empereur. Alors héritier du trône, Marc Aurèle étudie les lettres grecques et latines sous la direction de tuteurs tels qu'Hérode Atticus et Fronton. Il entretient par la suite une correspondance étroite avec Fronton pendant de nombreuses années. Marc Aurèle épouse la fille d'Antonin, Faustine la Jeune, en 145. Après la mort d'Antonin en 161, Marc Aurèle accède au trône aux côtés de son frère adoptif Lucius. </p><p>Le règne de Marc Aurèle est marqué par des conflits militaires. En Orient, l'Empire romain combat avec succès un Empire parthe revitalisé et le royaume rebelle d'Arménie. Marc Aurèle défait les Marcomans, Quades et Sarmates Iazyges dans les guerres marcomanes. Cependant, ces peuples et d'autres peuples germaniques continuent à représenter une menace pour l'Empire, et les conflits armés reprennent très vite malgré une trêve signée. En outre, une grave pandémie connue comme la <span>« peste antonine »</span> éclate vers 166 et dévaste la population de l'Empire pendant plusieurs décennies. </p><p>Le co-empereur Lucius Verus meurt en 169. Contrairement à certains de ses prédécesseurs, Marc Aurèle choisit de ne pas adopter d'héritier. Parmi ses enfants, Lucilla, qui épouse Lucius, et Commode, dont la succession à Marc Aurèle fait l'objet de débats entre les historiens contemporains et modernes. La colonne et la statue équestre de Marc Aurèle se trouvent toujours à Rome, où elles ont été érigées pour célébrer ses victoires militaires. Dernier grand monument du stoïcisme, les <i>Pensées pour moi-même</i> sont une source importante pour la compréhension moderne des philosophes antiques. </p>
Nāgārjuna       150     250     Philosophie indienne    <img src="https://upload.wikimedia.org/wikipedia/commons/b/b7/Nagarjuna_with_84_mahasiddha.jpg" />     <a href="https://fr.wikipedia.org/wiki/N%C4%81g%C4%81rjuna">Page wikipedia</a><p><b>Nāgārjuna</b>, ou <b>Nagardjouna</b>, est un moine, philosophe, écrivain bouddhiste indien (<abbr class="abbr" title="2ᵉ siècle"><span>II</span><sup style="font-size:72%">e</sup></abbr> - <abbr class="abbr" title="3ᵉ siècle"><span>III</span><sup style="font-size:72%">e</sup></abbr> siècle), fondateur de l'école Madhyamaka et originaire de la région correspondant à l'Andhra Pradesh actuel. Beaucoup de points sur son existence relèvent de récits mythiques, si bien qu'il est difficile de dissocier les apports ultérieurs des éléments de sa vie originelle. </p>
Sextus Empiricus        160     210     Scepticisme antique     <img src="https://upload.wikimedia.org/wikipedia/commons/d/db/Sextus.jpg" />   <a href="https://fr.wikipedia.org/wiki/Sextus_Empiricus">Page wikipedia</a>     <p><b>Sextus Empiricus</b> (160-210 après J.-C.) (en grec ancien : <span lang="grc">Σέξτος Ἐμπειρικός</span>) est un philosophe sceptique et médecin de l'école de médecine antique dite <span>« empirique »</span>, qui fut actif à la fin du <abbr class="abbr" title="2ᵉ siècle"><span>II</span><sup style="font-size:72%">e</sup></abbr> siècle. Il écrivait en grec, mais nous ne savons ni où il naquit (peut-être à Mytilène) ni où il fut professeur, et ignorons donc pratiquement tout de sa vie ; paradoxalement, nous avons de lui une importante quantité de textes philosophiques bien conservés (dont le contenu autobiographique est quasi nul), ce qui fait de lui sans équivoque le principal auteur sceptique de l'antiquité, ainsi qu'une source majeure sur les philosophes plus anciens que lui dont les œuvres ne nous sont pas parvenues. Selon Diogène Laërce, il fut chef de l'école sceptique en succédant à Ménodote de Nicomédie et son successeur fut Saturninus (mais ce dernier n'est mentionné par aucune autre source). </p>
Plotin  205     270     Philosophie antique     <img src="https://upload.wikimedia.org/wikipedia/commons/e/ee/Plotinos.jpg" /> <a href="https://fr.wikipedia.org/wiki/Plotin">Page wikipedia</a>       <p><b>Plotin</b>, en grec ancien : <span lang="grc"><b>Πλωτῖνος</b></span>, en latin : <b>Plotinus</b> (205 - 270 <abbr class="abbr nowrap" title="après Jésus-Christ">apr. J.-C.</abbr>), philosophe gréco-romain de l'Antiquité tardive, est le représentant principal du courant philosophique appelé « néoplatonisme » : à travers lui, la pensée grecque classique affronte désormais les mouvements gnostiques plus ou moins proches du christianisme et du manichéisme. Continuateur d’un Musonius Rufus, d’un Sénèque, d’un Épictète, Plotin est l’un des grands philosophes de l’époque impériale et un authentique sage de la Grèce. Il installe son école à Rome en 246, où Amélius fut son premier disciple. Sa relecture des dialogues de Platon fut une source d'inspiration importante pour la pensée chrétienne alors en pleine formation, notamment pour Augustin d'Hippone, et elle influença de manière profonde la philosophie occidentale. L'intégralité de ses écrits a été publiée par son disciple Porphyre de Tyr, qui les a réunis sous la forme d’<i>Ennéades</i>, en groupes de neuf traités. </p><p>L'originalité de la pensée de Plotin tient à une réflexion d’une grande subtilité, élaborée à partir de Platon et d'Aristote, et où métaphysique et mystique se fondent et se confondent. Pour Plotin, l'univers est composé de trois réalités fondamentales : l'Un, l'Intellect et l'Âme. L'homme, partie du monde sensible, doit, par le plus haut degré d'intériorité, remonter de l'Âme à l'Intellect, puis de l'Intellect à l'Un et accomplir ainsi une union mystique avec le Dieu par excellence. La recherche du salut implique en effet pour l’âme une ascension spirituelle, loin du monde d’ici-bas, <span>« au-delà de l’intellect et de la connaissance »</span> (<span lang="grc">ἐπέκεινα νοῦ καὶ νοήσεως</span>), vers la réalité vraie, le Bien, principe suprême identifié à la Beauté, que Plotin nomme l’Un ou Dieu. Ni mysticisme chrétien, ni contemplation de Dieu pour l'initié des mystères, la philosophie de Plotin est une exhortation à réintégrer notre vraie patrie, c’est tout le sens de l’allégorie d’Ulysse évoquée par Plotin : aux sortilèges de Circé et à la beauté de Calypso, Ulysse préféra le retour à Ithaque, sa patrie. Plotin nous invite à réintégrer notre parenté ontologique avec le divin, au moyen d’une ascèse purificatrice. Par une intuition de <span>« l'Intellect embrasé d’amour »</span>, cette ascension spirituelle conduit l’âme, enfin unifiée, débarrassée de tout le superflu et de l’individualité qui la barricadait dans ses limites, à devenir <span>« lumière véritable »</span> et à voir <span>« l’éclat divin de la vertu et la tempérance siégeant sur un trône sacré »</span>. Ainsi comprise, cette purification, selon le mot de Jean Trouillard, <span>« délie l’âme, non pas pour l’immerger dans un abîme mystique où elle s’annule, mais pour rendre à son jeu sacré toute son ampleur et sa lucidité »</span>. </p>
Porphyre        232     304     Philosophie antique             <a href="https://fr.wikipedia.org/wiki/Porphyre">Page wikipedia</a>
Augustin        354     430     Philosophie antique             <a href="https://fr.wikipedia.org/wiki/Augustin">Page wikipedia</a>    <p><b>Augustin</b> est un nom propre ou un nom commun qui peut désigner : </p>
Boèce   480     525     Philosophie médiévale   <img src="https://upload.wikimedia.org/wikipedia/commons/6/6b/Bo%C3%A8ce_et_Philosophie.jpg" />        <a href="https://fr.wikipedia.org/wiki/Bo%C3%A8ce">Page wikipedia</a>   <p><b>Anicius Manlius Severinus Boethius</b>, communément appelé <b>Boèce</b> /bo.ɛs/, né vers 480 à Rome et mis à mort en 524 à Pavie par Théodoric le Grand, est un philosophe et homme politique latin. </p><p>Témoin des derniers feux de l'Empire romain, il occupe une place fondamentale dans la transmission de la philosophie antique en Occident. Sa traduction en latin de l’œuvre logique d'Aristote, ainsi que son commentaire par Porphyre de Tyr, exerceront une influence déterminante sur la philosophie médiévale. Emprisonné à la fin de sa vie, il rédige la <i>Consolation de Philosophie</i>, dans laquelle la poursuite de la sagesse et l'amour de Dieu sont décrits comme les véritables sources du bonheur. Il est également l'auteur des <i>Apices</i>, système de chiffres décimaux qui est à l'origine de l'introduction de la numération de position par Gerbert d'Aurillac. </p>
Dignāga 480     540     Philosophie indienne    <img src="https://upload.wikimedia.org/wikipedia/commons/9/99/Dignaga.jpg" />  <a href="https://fr.wikipedia.org/wiki/Dign%C4%81ga">Page wikipedia</a> <p><b>Dignāga</b> (Diṅnāga, (chinois : <span lang="zh">陳那論師/域龍</span>, sanskrit : <span lang="sa">दिग्नाग</span>, Tibetain: ཕྱོགས་ཀྱི་གླང་པོ་) (480-540 ou 430-500), célèbre bouddhiste indien du <abbr class="abbr" title="5ᵉ siècle"><span>V</span><sup style="font-size:72%">e</sup></abbr> au <abbr class="abbr" title="6ᵉ siècle"><span>VI</span><sup style="font-size:72%">e</sup></abbr> siècle, réformateur et fondateur de la nouvelle logique (Hetuvidyā ou nyāya) bouddhique.  </p>
Jean Damascène  675     749     Philosophie médiévale   <img src="https://upload.wikimedia.org/wikipedia/commons/6/6b/John-of-Damascus_01.jpg" />      <a href="https://fr.wikipedia.org/wiki/Jean_Damasc%C3%A8ne">Page wikipedia</a>  <p><b>Jean Damascène</b> ou <b>Jean de Damas</b> (en arabe : <span lang="ar" dir="rtl">يوحنا الدمشقي</span> ; en grec ancien : <span lang="grc">Ἰωάννης ὁ Δαμασκηνός</span>) ou <b>Jean Mansour</b>, de son nom en arabe <i>Mansour ibn Sarjoun</i> (منصور بن سرجون التغلبي), né vers 675 et mort le <time class="nowrap date-lien" datetime="0749-12-08" data-sort-value="0749-12-08">4 décembre 749</time>, est un moine et prêtre théologien (hiéromoine) chrétien d'origine syriaque mais écrivant en langue grecque. </p><p>Il est l'un des Pères chrétiens d'Orient et Docteur de l'Église. Saint pour l'Église orthodoxe et l'Église catholique, il est fêté le 4 décembre. </p>   
Al-Kindī        801     873     Philosophie arabe médiévale             <a href="https://fr.wikipedia.org/wiki/Al-Kind%C4%AB">Page wikipedia</a>        
Jean Scot Erigène       810     877     Philosophie médiévale           <a href="https://fr.wikipedia.org/wiki/Jean_Scot_Erig%C3%A8ne">Page wikipedia</a>       
Al-Fârâbî       872     950     Philosophie arabe médiévale     <img src="https://upload.wikimedia.org/wikipedia/commons/3/33/Iranian_Farabi.jpg" />   <a href="https://fr.wikipedia.org/wiki/Al-F%C3%A2r%C3%A2b%C3%AE">Page wikipedia</a>   <p><b>Fârâbî</b> (en arabe فارابي), de son nom complet <b>Abû Nasr Muhammad ibn Muhammad ibn Tarkhân ibn Uzalagh al-Fârâbî</b>, également connu en Occident sous les noms de <b>Alpharabius</b>, <b>Al-Farabi</b>, <b>Al-Fārābī</b>, <b>Farabi</b>, <b>Abunaser</b> et <b>Alfarabi</b>, est un philosophe médiéval persan et musulman. Né en 872 à Wâsij près de Farab en Transoxiane, ou à Faryab au Grand Khorassan<sup class="reference cite_virgule">,</sup>, il meurt à Damas, en Syrie en 950. Il approfondit toutes les sciences et tous les arts de son temps, et est appelé le <i>Second instituteur de l'intelligence</i>. </p><p>Il étudie à Bagdad (actuel Irak). On lui doit un commentaire de  <i>La République</i> de Platon, ainsi qu'un <i>Sommaire des Lois de Platon</i>. Il fut aussi un théoricien de la musique et un excellent joueur de luth. </p><p>Al-Farabi est une figure majeure parmi les philosophes et savants de l'Islam médiéval. Il a marqué de son influence la métaphysique d'Avicenne. </p>
Avicenne        980     1037    Philosophie médiévale   <img src="https://upload.wikimedia.org/wikipedia/commons/7/74/Avicenna-miniatur.jpg" />        <a href="https://fr.wikipedia.org/wiki/Avicenne">Page wikipedia</a>     <p><b>Ibn Sina</b> (en persan : <span lang="fa" dir="rtl">ابن سینا</span>) connu en Occident sous le nom d'<b>Avicenne</b> (du latin médiéval <span lang="la">Avicenna</span>), est un philosophe et médecin, né le <time class="nowrap date-lien bday" datetime="0980-08-12" data-sort-value="0980-08-12">7 août 980</time> près de Boukhara, dans l'actuel Ouzbékistan et mort en <time class="nowrap date-lien dday" datetime="1037-06" data-sort-value="1037-06">juin 1037</time> à Hamadan (Iran)<sup class="reference cite_virgule">,</sup>. Il est l'auteur d'ouvrages de référence en médecine et en philosophie, ainsi que de sciences voisines, comme l'astronomie, l'alchimie, et la psychologie rédigés en arabe classique. </p><p>Ses disciples l'appelaient <i>cheikh el-raïs</i>, c'est-à-dire « prince des savants », Maître par excellence, ou encore le troisième maître (après Aristote et Al-Fārābī). </p><p>Ses œuvres principales sont l'encyclopédie médicale <i>Qanûn</i> (« Canon de la médecine ») et ses deux encyclopédies scientifiques le <i>Livre de la guérison (de l'âme)</i> et <i>Danesh-e Nâma</i> (« Livre de science »). </p><p>Dans son <i>Qanûn</i>, il opère une vaste synthèse médico-philosophique avec la logique d'Aristote, combinée avec le néo-platonisme, élevant la dignité de la médecine comme discipline intellectuelle, compatible avec le monothéisme. Son influence sera prédominante dans l'Occident médiéval latin jusqu'au <abbr class="abbr" title="16ᵉ siècle"><span>XVI</span><sup style="font-size:72%">e</sup></abbr> siècle. </p><p>Si son œuvre médicale n'a plus qu'un intérêt historique, son œuvre philosophique se situe au carrefour de la pensée orientale et de la pensée occidentale. Elle reste étudiée au début du <abbr class="abbr" title="21ᵉ siècle"><span>XXI</span><sup style="font-size:72%">e</sup></abbr> siècle aussi bien dans le cadre de l'islam que de la philosophie académique. </p>
Anselme 1033    1109    Philosophie médiévale           <a href="https://fr.wikipedia.org/wiki/Anselme">Page wikipedia</a>     <p><b>Anselme</b> est un nom propre qui peut désigner plusieurs personnes ou choses. </p>
Al-Ghazālī      1058    1111    Philosophie arabe médiévale             <a href="https://fr.wikipedia.org/wiki/Al-Ghor">Page wikipedia</a>      
Pierre Abélard  1079    1142    Philosophie médiévale   <img src="https://upload.wikimedia.org/wikipedia/commons/4/43/Paris_-_Palais_du_Louvre_-_PA00085992_-_Abailard.jpg" /> <a href="https://fr.wikipedia.org/wiki/Pierre_Ab%C3%A9lard">Page wikipedia</a> <p><b>Abélard</b>, <b>Abailard</b>, ou encore <b>Abeilard</b> (en latin : <span lang="la"><i>Abaelardus</i></span>), Pierre alias <i>Petrus</i> en religion (né en 1079 au Pallet près de Nantes - mort le <time class="nowrap date-lien dday" datetime="1142-04-28" data-sort-value="1142-04-28">21 avril 1142</time>, au prieuré Saint-Marcel près de Chalon-sur-Saône), est un philosophe, dialecticien et théologien chrétien français, père de la scolastique, inventeur du conceptualisme et époux d'Héloïse. </p><p>Né dans une famille de souche poitevine établie dans le duché de Bretagne, il a été abbé de Rhuys mais a exercé principalement dans ce qui est l'Île-de-France actuelle comme professeur appointé par des familles aristocratiques et comme compositeur de chansons pour goliards. Sa renommée à travers tout l'Occident, en tant que penseur à la fois rigoureux et non conformiste, s'est consolidée en un phénomène social du début du <abbr class="abbr" title="12ᵉ siècle"><span>XII</span><sup style="font-size:72%">e</sup></abbr> siècle qui aboutira à l'extension du statut de clerc à l'ensemble du corps enseignant et étudiant. </p><p>Auteur latin, entre autres, de <i>Oui et non</i>, qui a été le premier ouvrage à être diffusé de son vivant à un large public non spécialisé, il est aussi l'un des principaux acteurs du renouveau des arts du langage au sortir d'un Haut Moyen Âge carolingien entrant dans la réforme grégorienne. Il est le premier, au sein des écoles cathédrales, à promouvoir les études aristotéliciennes et fonde en 1110 à Sainte Geneviève le premier collège qui, préfigurant l'Université, échappe à l'autorité épiscopale. Il se fait moine en 1119 à Saint-Denis, mais voit en 1121, au concile de Soissons, son cours <i>Théologie du souverain bien</i> dénoncé pour sabellianisme et livré à un autodafé. Élaboré à partir de 1125, son traité d'éthique <i>Connais-toi toi-même</i> inaugure le droit moderne en fondant la notion de culpabilité non plus sur l'acte commis, mais sur l'intention. Apologiste de la femme et partisan de son éducation, il fonde en 1131 en Champagne la première abbaye qui suive une règle spécifiquement féminine, le Paraclet, refuge de femmes savantes pour lesquelles il produit un important corpus de musique liturgique. En 1140, sa <i>Théologie pour les étudiants</i> fait l'objet d'une seconde condamnation pour hérésie au concile de Sens. </p><p>Instrument de propagande au gré des disgrâces du second personnage de l'État, le chancelier Étienne de Garlande, Abélard, protégé du rival des Capétiens, le comte de Champagne Thibault, a été un objet de gloire et de scandale, plus encore à l'occasion d'un fait divers, soit la castration dont il a été victime en 1117, qui a motivé la rédaction de la première autobiographie où le récit subjectif et le romanesque l'emportent sur le didactique et l'édification : <i>Histoire de mes malheurs</i>. Sa liaison, entamée en 1113 avec celle qui deviendra la mère de son fils Astralabe, Héloïse, annonçant le modèle de l'amour courtois, est devenue un mythe fondateur de l'amour libre et les lettres échangées par le couple, <i>Lettres des deux amants</i> et <i>Lettres d'Abélard et d'Héloïse</i>, un monument de la littérature, où la liberté du propos intime est servie par un style étonnamment moderne. Le <time class="nowrap date-lien" datetime="1817-06-16" data-sort-value="1817-06-16">16 juin 1817</time>, les restes de la nonne amoureuse et de son époux moine sont transférés au cimetière du Père-Lachaise (division 7), où leur mausolée se visite. </p>   
Averroès        1126    1198    Philosophie arabe médiévale     <img src="https://upload.wikimedia.org/wikipedia/commons/8/82/AverroesColor.jpg" />    <a href="https://fr.wikipedia.org/wiki/Averro%C3%A8s">Page wikipedia</a>        <p><b>Ibn Rochd de Cordoue</b><span> (en arabe : <span title="Arabe"><span lang="ar" dir="rtl">ابن رشد</span></span>, <i><span title="Transcription ALA-LC"><span lang="ar-latn-alalc97">Ibn Rushd</span></span></i>)</span>, plus connu en Occident sous son nom latinisé d'<b>Averroès</b> , est un philosophe, théologien, juriste et médecin musulman andalou de langue arabe du <abbr class="abbr" title="12ᵉ siècle"><span>XII</span><sup style="font-size:72%">e</sup></abbr> siècle, né le <time class="nowrap date-lien" datetime="1126-04-21" data-sort-value="1126-04-21">14 avril 1126</time> à Cordoue en Andalousie et mort le <time class="nowrap date-lien" datetime="1198-12-17" data-sort-value="1198-12-17">10 décembre 1198</time> à Marrakech au Maroc. Il exerce les fonctions de grand cadi (juge suprême) à Séville et à Cordoue, et de médecin privé des sultans almohades, à Marrakech à une époque charnière où le pouvoir passe des Almoravides aux Almohades. </p><p>Lecteur critique d'Al-Fârâbî, Al-Ghazâlî et Avicenne, il est considéré comme l'un des plus grands philosophes de la civilisation islamique même s'il a été accusé d'hérésie à la fin de sa vie et s'il n'a pas eu de postérité immédiate dans le monde musulman. Il n'a été redécouvert en Islam que lors de la <i>Nahda</i> au <abbr class="abbr" title="19ᵉ siècle"><span>XIX</span><sup style="font-size:72%">e</sup></abbr> siècle, la Renaissance arabe, durant laquelle il inspire les courants rationalistes, réformateurs et émancipateurs. Dans son œuvre, Averroès a mis l'accent sur la nécessité pour les savants de pratiquer la philosophie et d'étudier la nature créée par Dieu. De ce fait, il pratique et recommande les sciences profanes, notamment la logique et la physique, en plus de la médecine. </p><p>Son œuvre a une grande importance en Europe occidentale, où il a influencé les philosophes médiévaux latins et juifs dits averroïstes, comme Siger de Brabant, Boèce de Dacie, Isaac Albalag et Moïse Narboni. À la Renaissance, sa philosophie est très étudiée à Padoue. De façon générale, il est estimé des scolastiques qui l'appellent le « Commentateur » du « Philosophe » (Aristote) pour lequel ils ont une vénération commune. En revanche, Thomas d'Aquin puis les néoplatoniciens de Florence lui reprochent de nier l'immortalité et la pensée de l'âme individuelle, au profit d'un Intellect unique pour tous les hommes qui active en nous les idées intelligibles. </p>
Buridan 1295    1358    Philosophie médiévale           <a href="https://fr.wikipedia.org/wiki/Buridan">Page wikipedia</a>      
Zhu Xi  1130    1200    Philosophie chinoise    <img src="https://upload.wikimedia.org/wikipedia/commons/9/9e/Zhu_xi.jpg" />   <a href="https://fr.wikipedia.org/wiki/Zhu_Xi">Page wikipedia</a>       <p><b>Zhu Xi</b> (chinois : <span lang="zh">朱熹</span> ; pinyin : <span><span lang="zh-latn-pinyin">Zhū Xī</span></span> ; Wade : <i><span lang="zh-latn-wadegile">Chu¹ Hsi¹</span></i> ; EFEO : <i><span lang="zh-latn">Tchou Hi</span></i>) (1130 - 1200) est un lettré de la dynastie Song du Sud qui devient l'un des plus importants néoconfucianistes en Chine. À ce titre, il est considéré comme l'un des Douze Philosophes, aux côtés de philosophes contemporains de Confucius. Zhu Xi et ses étudiants codifient ce qui est aujourd'hui considéré comme le canon confucianiste des Classiques chinois :  </p> <ol><li><i>les Quatre Livres</i>, composés <ul><li>des Entretiens de Confucius</li> <li>du Mencius</li> <li>de la Grande Étude</li> <li>de l'Invariable Milieu</li></ul></li> <li>et les <i>Cinq Classiques</i> : <ul><li>le Classique des vers</li> <li>le Classique des documents</li> <li>le Classique des mutations ou Yi Jing</li> <li>le Livre des rites</li> <li>les Annales des Printemps et des Automnes</li></ul></li></ol><p>Zhu Xi écrit de nombreux commentaires de ces classiques. Ces ouvrages ne sont pas reconnus et diffusés durant la vie de leur auteur. Cependant, ils deviennent par la suite des commentaires reconnus et incontournables des classiques confucianistes et dominent la pensée chinoise jusqu'à l'abolition des examens en 1905. Son influence s'exerce également sur le néoconfucianisme  japonais et coréen. </p>
Maïmonide       1138    1204    Philosophie médiévale           <a href="https://fr.wikipedia.org/wiki/Ma%C3%AFmonide">Page wikipedia</a>       
Ibn ʿArabi      1165    1240    Philosophie arabe médiévale             <a href="https://fr.wikipedia.org/wiki/Ibn_%E1%B8%A4ayy%C4%81n">Page wikipedia</a>      
Albert le Grand 1200    1280    Philosophie médiévale   <img src="https://upload.wikimedia.org/wikipedia/commons/d/d0/AlbertusMagnus.jpg" />   <a href="https://fr.wikipedia.org/wiki/Albert_le_Grand">Page wikipedia</a>      <p class="mw-empty-elt"> </p> <p>Saint <b>Albert le Grand</b> (né Albrecht von Bollstädt), connu aussi sous les noms d’<b>Albert de Cologne</b> et <b>Albertus Magnus</b>, né autour de l'an 1200 à Lauingen et mort le <time class="nowrap dday" datetime="1280-11-22" data-sort-value="1280-11-22">15 novembre 1280</time> à Cologne, est un frère dominicain, philosophe, théologien, naturaliste et chimiste allemand. Évêque de Ratisbonne durant trois ans (1260-1263), il préfère retourner à l'enseignement et est un professeur de renom au <abbr class="abbr" title="13ᵉ siècle"><span>XIII</span><sup style="font-size:72%">e</sup></abbr> siècle. Le plus célèbre de ses disciples est saint Thomas d'Aquin. </p><p>Homme de grande culture, il laisse une œuvre scientifique d’une grande ampleur, particulièrement brillante dans le domaine des sciences naturelles. Il répand également, comme Boèce et Jacques de Venise, des textes d'Aristote en Occident et laisse une somme de théologie servant de modèle à la <i>Somme théologique</i> de Thomas d'Aquin. </p>   
Bonaventure     1221    1274    Philosophie médiévale           <a href="https://fr.wikipedia.org/wiki/Bonaventure">Page wikipedia</a> <p><b>Bonaventure</b> est un nom propre qui peut désigner : </p>
Thomas d'Aquin  1225    1274    Philosophie médiévale   <img src="https://upload.wikimedia.org/wikipedia/commons/e/e3/St-thomas-aquinas.jpg" />        <a href="https://fr.wikipedia.org/wiki/Thomas_d%27Aquin">Page wikipedia</a>     <p class="mw-empty-elt"> </p> <p><b>Thomas d'Aquin</b>, né en 1225 ou 1226 au château de Roccasecca près d'Aquino, dans la partie péninsulaire du Royaume de Sicile (Latium), mort le <time class="nowrap date-lien dday" datetime="1274-03-14" data-sort-value="1274-03-14">7 mars 1274</time> à l'abbaye de Fossanova près de Priverno dans les États pontificaux (dans le Latium également), est un religieux italien de l'ordre dominicain, célèbre pour son œuvre théologique et philosophique. </p><p>Considéré comme l'un des principaux maîtres de la philosophie scolastique et de la théologie catholique, il a été canonisé le <time class="nowrap date-lien" datetime="1323-07-26" data-sort-value="1323-07-26">18 juillet 1323</time> par Jean XXII, puis proclamé docteur de l'Église par <span>Pie V</span>, en 1567 et patron des universités, écoles et académies catholiques, par <span>Léon XIII</span> en 1880. Il est également un des patrons des libraires. Il est aussi qualifié du titre de « Docteur angélique » (<i>Doctor angelicus</i>). Son corps est conservé sous le maître-autel de l'église de l'ancien couvent des dominicains de Toulouse. </p><p>De son nom dérivent les termes :  </p> <ul><li>« thomisme » / « thomiste » : qui concerne l'école ou le courant philosophico-théologique qui se réclame de Thomas d'Aquin et en développe les principes au-delà de la lettre de son expression historique initiale ;</li> <li>« néothomisme » : un courant de pensée philosophico-théologique de type thomiste, développé à partir du <abbr class="abbr" title="19ᵉ siècle"><span>XIX</span><sup style="font-size:72%">e</sup></abbr> siècle pour répondre aux objections posées au christianisme catholique par la modernité ;</li> <li>« thomasien » : ce qui relève de la pensée de Thomas d'Aquin lui-même, indépendamment des développements historiques induits par sa réception.</li></ul><p>En 1879, le pape Léon XIII, dans l'encyclique <i>Æterni Patris</i>, a déclaré que les écrits de Thomas d'Aquin exprimaient adéquatement la doctrine de l'Église. Le concile Vatican II (décret <i>Optatam Totius</i> sur la formation des prêtres, <abbr class="abbr" title="numéro">n<sup>o</sup></abbr> 16) propose l'interprétation authentique de l'enseignement des papes sur le thomisme en demandant que la formation théologique des prêtres se fasse <span>« avec Thomas d'Aquin pour maître »</span>. </p><p>Thomas d'Aquin a proposé, au <abbr class="abbr" title="13ᵉ siècle"><span>XIII</span><sup style="font-size:72%">e</sup></abbr> siècle, une œuvre théologique qui repose, par certains aspects, sur un essai de synthèse de la raison et de la foi, notamment lorsqu'il tente de concilier la pensée chrétienne et la philosophie d'Aristote, redécouverte par les scolastiques à la suite des traductions latines du <abbr class="abbr" title="12ᵉ siècle"><span>XII</span><sup style="font-size:72%">e</sup></abbr> siècle. </p><p>Il distingue les vérités accessibles à la seule raison, de celles de la foi, définies comme une adhésion inconditionnelle à la Parole de Dieu. Il qualifie la philosophie de servante de la théologie (<i>philosophia ancilla theologiæ</i>) afin d'exprimer comment les deux disciplines collaborent de manière « subalternée » à la recherche de la connaissance de la vérité, chemin vers la béatitude. </p>
Maître Eckhart  1260    1327    Philosophie médiévale   <img src="https://upload.wikimedia.org/wikipedia/commons/0/0d/Meister_Eckhart_base_copie.jpg" />       <a href="https://fr.wikipedia.org/wiki/Ma%C3%AEtre_Eckhart">Page wikipedia</a><p><b>Eckhart von Hochheim</b>, dit <b>Maître Eckhart</b> (vers 1260 — <time class="nowrap date-lien dday" datetime="1328-02-05" data-sort-value="1328-02-05">28 janvier 1328</time>), est un théologien et philosophe dominicain, le premier des mystiques rhénans. Il étudia la théologie à Erfurt, puis Cologne et Paris. Il enseigna à Paris, prêcha à Cologne et Strasbourg. Maître et théologien de la vie spirituelle, il administra également la province dominicaine de Teutonie depuis Erfurt. </p>
Jean Duns Scot  1266    1308    Philosophie médiévale   <img src="https://upload.wikimedia.org/wikipedia/commons/c/ce/JohnDunsScotus_-_full.jpg" />    <a href="https://fr.wikipedia.org/wiki/Jean_Duns_Scot">Page wikipedia</a>       <p><b>Jean Duns Scot</b> (vers 1266 à Duns - 1308 à Cologne), dit John Duns Scotus en anglais, Johannes Duns Scotus en allemand, surnommé le « Docteur subtil » (<i><span lang="la">Doctor subtilis</span></i>), est un théologien et philosophe écossais, fondateur de l’école scolastique dite scotiste. Il fut la fierté de l'ordre franciscain, et influença profondément Guillaume d'Ockham, de la même manière que Thomas d'Aquin le dominicain fut admiré de son ordre. L'école scotiste et l'école thomiste seront constamment en conflit, suivant les rivalités des deux ordres mendiants. </p><p>La philosophie scotiste est complexe. Duns Scot oppose à la doctrine thomiste de l'analogie de l'être sa propre doctrine de l'univocité de l'être : le concept d'étant se dit de la même manière pour tout ce qui est, y compris Dieu. La différence entre Dieu et les créatures n'est pas une différence d'être comme chez Thomas d'Aquin ou Maître Eckhart, elle tient à ce que Dieu est infini et la créature finie, sur un même plan ontologique. D'autre part, Duns Scot élabore une métaphysique de la singularité basée sur le concept d'individuation. </p><p>L'éthique de Jean Duns Scot met l'accent sur la volonté personnelle et la charité, dans la lignée d'Augustin et de Bonaventure. En théologie, le docteur franciscain est surtout connu pour son angélologie, ainsi que pour sa reconnaissance de l'Immaculée Conception de Marie. On lui donne à ce propos un autre surnom, le « Docteur marial », qui avait également été attribué à Bernard de Clairvaux. </p><p>Il  est reconnu bienheureux par l'Église catholique et fêté le 8 novembre. </p>
Guillaume d’Occam       1285    1347    Philosophie médiévale           <a href="https://fr.wikipedia.org/wiki/Guillaume_d%E2%80%99Occam">Page wikipedia</a>    
John Wyclif     1330    1384    Philosophie médiévale   <img src="https://upload.wikimedia.org/wikipedia/commons/6/67/Nuremberg_Chronicles_f_238r_Johannes_wicleff.jpg" />     <a href="https://fr.wikipedia.org/wiki/John_Wyclif">Page wikipedia</a> <p><b>John Wyclif</b> (ou <i>Wycliff</i>, <i>Wycliffe</i>, ou encore <i>Jean de Wiclef</i>) (v. 1330-1384) est un théologien anglais et précurseur de la Réforme anglaise, et plus généralement de la Réforme protestante. </p>
Nicolas de Cues 1401    1464    Philosophie médiévale   <img src="https://upload.wikimedia.org/wikipedia/commons/4/4c/Nicholas_of_Cusa.jpg" /> <a href="https://fr.wikipedia.org/wiki/Nicolas_de_Cues">Page wikipedia</a>      <p class="mw-empty-elt"> </p>  <p><b>Nicolas Krebs</b> (1401 - <time class="nowrap date-lien" datetime="1464-08-20" data-sort-value="1464-08-20">11 août 1464</time>), plus communément appelé <b>Nicolas de Cues</b> (en allemand <i>Nikolaus von Kues</i>), est un théologien, philosophe, humaniste, mathématicien et prélat allemand de la fin du Moyen Âge. Il est également connu sous les noms de <b>Nicolas Chrypffs</b> ou <b>Cryfftz</b>, <b>Nicolas de Cusa</b>, <b>Nicolaus Cusanus</b> ou encore <b>Nicolas de Cuse</b> ou <b>le Cusain</b> en raison de son lieu de naissance, Cues sur la Moselle. </p><p>Il fut cardinal, puis il devint vicaire temporel et ami du pape Pie II. Sur le plan théologique et ecclésial, <span>« il s’efforça de concilier la primauté pontificale avec les thèses conciliaires et travailla à l’union de l’Église romaine avec les Églises orthodoxes »</span> (Jean Delumeau, Ministère de la Culture et de la Communication). </p><p>Pour ce qui est des aspects philosophiques et scientifiques de son œuvre, <span>« son nom retient surtout l’attention aujourd’hui en raison de son ouvrage <i>De la docte ignorance</i> (1440) qui passa inaperçu en son temps. Or y figuraient [pourtant] des conceptions astronomiques qui annonçaient, dès le milieu du <abbr class="abbr" title="15ᵉ siècle"><span>XV</span><sup style="font-size:72%">e</sup></abbr> siècle la "nouvelle astronomie" »</span>, c'est-à-dire rien de moins que la révolution copernicienne du siècle suivant, et qui remettaient en question le thomisme dominant sur plusieurs points, tout en ne s'écartant point trop du dogme catholique. Sa cosmologie de nature essentiellement spéculative représente en effet l'une des premières grandes alternatives à la scolastique aristotélicienne, notamment sur la brûlante question de la finitude ou de l'infinité de l'univers. Sa théorie de la connaissance a durablement influencé la philosophie des sciences (Giordano Bruno, Descartes…) et l'astronomie théorique (Copernic, Kepler, Galilée…). Pour Ernst Cassirer, la <i>docte ignorance</i> constitue l'une des premières formulations de l'épistémologie moderne. </p>
Marsile Ficin   1433    1499    Philosophie médiévale   <img src="https://upload.wikimedia.org/wikipedia/commons/5/59/Marsilio_Ficino_-_Angel_Appearing_to_Zacharias_%28detail%29.jpg" />      <a href="https://fr.wikipedia.org/wiki/Marsile_Ficin">Page wikipedia</a>       <p><b>Marsile Ficin</b> (en latin <b>Marsilius Ficinus</b>, en italien <b>Marsilio Ficino</b>), né à Figline Valdarno en Toscane le <time class="nowrap date-lien bday" datetime="1433-10-28" data-sort-value="1433-10-28">19 octobre 1433</time> et mort à Careggi près de Florence le <time class="nowrap date-lien dday" datetime="1499-10-10" data-sort-value="1499-10-10">1<sup>er</sup> octobre 1499</time>, est un poète et philosophe italien. </p><p>C'est l'un des philosophes humanistes les plus influents de la Première Renaissance italienne. Il dirigea l'Académie platonicienne de Florence, fondée par Cosme de Médicis en 1459, et il eut pour disciples et collègues de travail Jean Pic de la Mirandole, Ange Politien et Jérôme Benivieni. </p><p>Il a traduit et commenté l'œuvre de Platon et de Plotin, il connaissait l'œuvre d'Aristote, il s'intéressa aussi à l'occultisme et l'hermétisme, et fut le représentant majeur du néoplatonisme médicéen. Sa philosophie, composition intime de métaphysique, de religion et d'esthétique, fit autorité en son temps. </p>
Pic de la Mirandole     1463    1494    Philosophie médiévale           <a href="https://fr.wikipedia.org/wiki/Pic_de_la_Mirandole">Page wikipedia</a>  
